# Two-Phase Commit: 1 Coordinator + 3 Participants, 30 transactions + partial
# total_events: 1000
# process_count: 4
# system_processes: C|P1|P2|P3
# Per-transaction ε-sensitive cluster (on different processes, VC-concurrent):
#   vote_yes_P2 t+2.50 | vote_yes_P1 t+2.70 | prepared_P1 t+2.75
#   prepared_P2 t+2.80 | vote_yes_P3 t+3.00 | prepared_P3 t+3.05
# The critical gap: Δ(prepared_P3, prepared_P2) = 0.25
# Property: TRUE S (prepared_P3 & @vote_yes_P2)
#   SAT  when ε >= 0.25  (linearization exists: prepared_P3 before prepared_P2)
#   VIOL when ε <  0.25  (prepared_P2 forced ≺ prepared_P3; P2's label overwritten)
eid,processes,vc,timestamp,props,event_type,msg_partner
iota_C,C,C:1;P1:0;P2:0;P3:0,0.00,init,local,
iota_P1,P1,C:0;P1:1;P2:0;P3:0,0.00,init,local,
iota_P2,P2,C:0;P1:0;P2:1;P3:0,0.00,init,local,
iota_P3,P3,C:0;P1:0;P2:0;P3:1,0.00,init,local,
begin_tx_01,C,C:2;P1:0;P2:0;P3:0,1.00,,local,
prepare_P1_01,C,C:3;P1:0;P2:0;P3:0,1.10,,send,P1
prepare_P2_01,C,C:4;P1:0;P2:0;P3:0,1.20,,send,P2
prepare_P3_01,C,C:5;P1:0;P2:0;P3:0,1.30,,send,P3
recv_prep_P1_01,P1,C:3;P1:2;P2:0;P3:0,2.00,,receive,C
recv_prep_P2_01,P2,C:4;P1:0;P2:2;P3:0,2.10,,receive,C
recv_prep_P3_01,P3,C:5;P1:0;P2:0;P3:2,2.20,,receive,C
vote_yes_P2_01,P2,C:4;P1:0;P2:3;P3:0,2.50,vote_yes_P2,local,
vote_yes_P1_01,P1,C:3;P1:3;P2:0;P3:0,2.70,vote_yes_P1,local,
prepared_P1_01,P1,C:3;P1:4;P2:0;P3:0,2.75,prepared_P1,local,
prepared_P2_01,P2,C:4;P1:0;P2:4;P3:0,2.80,prepared_P2,local,
vote_yes_P3_01,P3,C:5;P1:0;P2:0;P3:3,3.00,vote_yes_P3,local,
prepared_P3_01,P3,C:5;P1:0;P2:0;P3:4,3.05,prepared_P3,local,
send_yes_P1_01,P1,C:3;P1:5;P2:0;P3:0,3.30,,send,C
send_yes_P2_01,P2,C:4;P1:0;P2:5;P3:0,3.40,,send,C
send_yes_P3_01,P3,C:5;P1:0;P2:0;P3:5,3.50,,send,C
recv_yes_P1_01,C,C:6;P1:5;P2:0;P3:0,4.00,,receive,P1
recv_yes_P2_01,C,C:7;P1:5;P2:5;P3:0,4.10,,receive,P2
recv_yes_P3_01,C,C:8;P1:5;P2:5;P3:5,4.20,,receive,P3
decide_commit_01,C,C:9;P1:5;P2:5;P3:5,4.50,committed,local,
commit_cmd_P1_01,C,C:10;P1:5;P2:5;P3:5,4.70,,send,P1
commit_cmd_P2_01,C,C:11;P1:5;P2:5;P3:5,4.80,,send,P2
commit_cmd_P3_01,C,C:12;P1:5;P2:5;P3:5,4.90,,send,P3
recv_commit_P1_01,P1,C:10;P1:6;P2:5;P3:5,5.50,,receive,C
recv_commit_P2_01,P2,C:11;P1:5;P2:6;P3:5,5.60,,receive,C
recv_commit_P3_01,P3,C:12;P1:5;P2:5;P3:6,5.70,,receive,C
local_commit_P1_01,P1,C:10;P1:7;P2:5;P3:5,6.00,local_commit_P1,local,
local_commit_P2_01,P2,C:11;P1:5;P2:7;P3:5,6.10,local_commit_P2,local,
local_commit_P3_01,P3,C:12;P1:5;P2:5;P3:7,6.20,local_commit_P3,local,
ack_P1_01,P1,C:10;P1:8;P2:5;P3:5,6.50,,send,C
ack_P2_01,P2,C:11;P1:5;P2:8;P3:5,6.60,,send,C
ack_P3_01,P3,C:12;P1:5;P2:5;P3:8,6.70,,send,C
tx_done_01,C,C:13;P1:5;P2:5;P3:5,7.50,,local,
begin_tx_02,C,C:14;P1:5;P2:5;P3:5,9.00,,local,
prepare_P1_02,C,C:15;P1:5;P2:5;P3:5,9.10,,send,P1
prepare_P2_02,C,C:16;P1:5;P2:5;P3:5,9.20,,send,P2
prepare_P3_02,C,C:17;P1:5;P2:5;P3:5,9.30,,send,P3
recv_prep_P1_02,P1,C:15;P1:9;P2:5;P3:5,10.00,,receive,C
recv_prep_P2_02,P2,C:16;P1:5;P2:9;P3:5,10.10,,receive,C
recv_prep_P3_02,P3,C:17;P1:5;P2:5;P3:9,10.20,,receive,C
vote_yes_P2_02,P2,C:16;P1:5;P2:10;P3:5,10.50,vote_yes_P2,local,
vote_yes_P1_02,P1,C:15;P1:10;P2:5;P3:5,10.70,vote_yes_P1,local,
prepared_P1_02,P1,C:15;P1:11;P2:5;P3:5,10.75,prepared_P1,local,
prepared_P2_02,P2,C:16;P1:5;P2:11;P3:5,10.80,prepared_P2,local,
vote_yes_P3_02,P3,C:17;P1:5;P2:5;P3:10,11.00,vote_yes_P3,local,
prepared_P3_02,P3,C:17;P1:5;P2:5;P3:11,11.05,prepared_P3,local,
send_yes_P1_02,P1,C:15;P1:12;P2:5;P3:5,11.30,,send,C
send_yes_P2_02,P2,C:16;P1:5;P2:12;P3:5,11.40,,send,C
send_yes_P3_02,P3,C:17;P1:5;P2:5;P3:12,11.50,,send,C
recv_yes_P1_02,C,C:18;P1:8;P2:5;P3:5,12.00,,receive,P1
recv_yes_P2_02,C,C:19;P1:8;P2:8;P3:5,12.10,,receive,P2
recv_yes_P3_02,C,C:20;P1:8;P2:8;P3:8,12.20,,receive,P3
decide_commit_02,C,C:21;P1:8;P2:8;P3:8,12.50,committed,local,
commit_cmd_P1_02,C,C:22;P1:8;P2:8;P3:8,12.70,,send,P1
commit_cmd_P2_02,C,C:23;P1:8;P2:8;P3:8,12.80,,send,P2
commit_cmd_P3_02,C,C:24;P1:8;P2:8;P3:8,12.90,,send,P3
recv_commit_P1_02,P1,C:22;P1:13;P2:8;P3:8,13.50,,receive,C
recv_commit_P2_02,P2,C:23;P1:8;P2:13;P3:8,13.60,,receive,C
recv_commit_P3_02,P3,C:24;P1:8;P2:8;P3:13,13.70,,receive,C
local_commit_P1_02,P1,C:22;P1:14;P2:8;P3:8,14.00,local_commit_P1,local,
local_commit_P2_02,P2,C:23;P1:8;P2:14;P3:8,14.10,local_commit_P2,local,
local_commit_P3_02,P3,C:24;P1:8;P2:8;P3:14,14.20,local_commit_P3,local,
ack_P1_02,P1,C:22;P1:15;P2:8;P3:8,14.50,,send,C
ack_P2_02,P2,C:23;P1:8;P2:15;P3:8,14.60,,send,C
ack_P3_02,P3,C:24;P1:8;P2:8;P3:15,14.70,,send,C
tx_done_02,C,C:25;P1:8;P2:8;P3:8,15.50,,local,
begin_tx_03,C,C:26;P1:8;P2:8;P3:8,17.00,,local,
prepare_P1_03,C,C:27;P1:8;P2:8;P3:8,17.10,,send,P1
prepare_P2_03,C,C:28;P1:8;P2:8;P3:8,17.20,,send,P2
prepare_P3_03,C,C:29;P1:8;P2:8;P3:8,17.30,,send,P3
recv_prep_P1_03,P1,C:27;P1:16;P2:8;P3:8,18.00,,receive,C
recv_prep_P2_03,P2,C:28;P1:8;P2:16;P3:8,18.10,,receive,C
recv_prep_P3_03,P3,C:29;P1:8;P2:8;P3:16,18.20,,receive,C
vote_yes_P2_03,P2,C:28;P1:8;P2:17;P3:8,18.50,vote_yes_P2,local,
vote_yes_P1_03,P1,C:27;P1:17;P2:8;P3:8,18.70,vote_yes_P1,local,
prepared_P1_03,P1,C:27;P1:18;P2:8;P3:8,18.75,prepared_P1,local,
prepared_P2_03,P2,C:28;P1:8;P2:18;P3:8,18.80,prepared_P2,local,
vote_yes_P3_03,P3,C:29;P1:8;P2:8;P3:17,19.00,vote_yes_P3,local,
prepared_P3_03,P3,C:29;P1:8;P2:8;P3:18,19.05,prepared_P3,local,
send_yes_P1_03,P1,C:27;P1:19;P2:8;P3:8,19.30,,send,C
send_yes_P2_03,P2,C:28;P1:8;P2:19;P3:8,19.40,,send,C
send_yes_P3_03,P3,C:29;P1:8;P2:8;P3:19,19.50,,send,C
recv_yes_P1_03,C,C:30;P1:12;P2:8;P3:8,20.00,,receive,P1
recv_yes_P2_03,C,C:31;P1:12;P2:12;P3:8,20.10,,receive,P2
recv_yes_P3_03,C,C:32;P1:12;P2:12;P3:12,20.20,,receive,P3
decide_commit_03,C,C:33;P1:12;P2:12;P3:12,20.50,committed,local,
commit_cmd_P1_03,C,C:34;P1:12;P2:12;P3:12,20.70,,send,P1
commit_cmd_P2_03,C,C:35;P1:12;P2:12;P3:12,20.80,,send,P2
commit_cmd_P3_03,C,C:36;P1:12;P2:12;P3:12,20.90,,send,P3
recv_commit_P1_03,P1,C:34;P1:20;P2:12;P3:12,21.50,,receive,C
recv_commit_P2_03,P2,C:35;P1:12;P2:20;P3:12,21.60,,receive,C
recv_commit_P3_03,P3,C:36;P1:12;P2:12;P3:20,21.70,,receive,C
local_commit_P1_03,P1,C:34;P1:21;P2:12;P3:12,22.00,local_commit_P1,local,
local_commit_P2_03,P2,C:35;P1:12;P2:21;P3:12,22.10,local_commit_P2,local,
local_commit_P3_03,P3,C:36;P1:12;P2:12;P3:21,22.20,local_commit_P3,local,
ack_P1_03,P1,C:34;P1:22;P2:12;P3:12,22.50,,send,C
ack_P2_03,P2,C:35;P1:12;P2:22;P3:12,22.60,,send,C
ack_P3_03,P3,C:36;P1:12;P2:12;P3:22,22.70,,send,C
tx_done_03,C,C:37;P1:12;P2:12;P3:12,23.50,,local,
begin_tx_04,C,C:38;P1:12;P2:12;P3:12,25.00,,local,
prepare_P1_04,C,C:39;P1:12;P2:12;P3:12,25.10,,send,P1
prepare_P2_04,C,C:40;P1:12;P2:12;P3:12,25.20,,send,P2
prepare_P3_04,C,C:41;P1:12;P2:12;P3:12,25.30,,send,P3
recv_prep_P1_04,P1,C:39;P1:23;P2:12;P3:12,26.00,,receive,C
recv_prep_P2_04,P2,C:40;P1:12;P2:23;P3:12,26.10,,receive,C
recv_prep_P3_04,P3,C:41;P1:12;P2:12;P3:23,26.20,,receive,C
vote_yes_P2_04,P2,C:40;P1:12;P2:24;P3:12,26.50,vote_yes_P2,local,
vote_yes_P1_04,P1,C:39;P1:24;P2:12;P3:12,26.70,vote_yes_P1,local,
prepared_P1_04,P1,C:39;P1:25;P2:12;P3:12,26.75,prepared_P1,local,
prepared_P2_04,P2,C:40;P1:12;P2:25;P3:12,26.80,prepared_P2,local,
vote_yes_P3_04,P3,C:41;P1:12;P2:12;P3:24,27.00,vote_yes_P3,local,
prepared_P3_04,P3,C:41;P1:12;P2:12;P3:25,27.05,prepared_P3,local,
send_yes_P1_04,P1,C:39;P1:26;P2:12;P3:12,27.30,,send,C
send_yes_P2_04,P2,C:40;P1:12;P2:26;P3:12,27.40,,send,C
send_yes_P3_04,P3,C:41;P1:12;P2:12;P3:26,27.50,,send,C
recv_yes_P1_04,C,C:42;P1:15;P2:12;P3:12,28.00,,receive,P1
recv_yes_P2_04,C,C:43;P1:15;P2:15;P3:12,28.10,,receive,P2
recv_yes_P3_04,C,C:44;P1:15;P2:15;P3:15,28.20,,receive,P3
decide_commit_04,C,C:45;P1:15;P2:15;P3:15,28.50,committed,local,
commit_cmd_P1_04,C,C:46;P1:15;P2:15;P3:15,28.70,,send,P1
commit_cmd_P2_04,C,C:47;P1:15;P2:15;P3:15,28.80,,send,P2
commit_cmd_P3_04,C,C:48;P1:15;P2:15;P3:15,28.90,,send,P3
recv_commit_P1_04,P1,C:46;P1:27;P2:15;P3:15,29.50,,receive,C
recv_commit_P2_04,P2,C:47;P1:15;P2:27;P3:15,29.60,,receive,C
recv_commit_P3_04,P3,C:48;P1:15;P2:15;P3:27,29.70,,receive,C
local_commit_P1_04,P1,C:46;P1:28;P2:15;P3:15,30.00,local_commit_P1,local,
local_commit_P2_04,P2,C:47;P1:15;P2:28;P3:15,30.10,local_commit_P2,local,
local_commit_P3_04,P3,C:48;P1:15;P2:15;P3:28,30.20,local_commit_P3,local,
ack_P1_04,P1,C:46;P1:29;P2:15;P3:15,30.50,,send,C
ack_P2_04,P2,C:47;P1:15;P2:29;P3:15,30.60,,send,C
ack_P3_04,P3,C:48;P1:15;P2:15;P3:29,30.70,,send,C
tx_done_04,C,C:49;P1:15;P2:15;P3:15,31.50,,local,
begin_tx_05,C,C:50;P1:15;P2:15;P3:15,33.00,,local,
prepare_P1_05,C,C:51;P1:15;P2:15;P3:15,33.10,,send,P1
prepare_P2_05,C,C:52;P1:15;P2:15;P3:15,33.20,,send,P2
prepare_P3_05,C,C:53;P1:15;P2:15;P3:15,33.30,,send,P3
recv_prep_P1_05,P1,C:51;P1:30;P2:15;P3:15,34.00,,receive,C
recv_prep_P2_05,P2,C:52;P1:15;P2:30;P3:15,34.10,,receive,C
recv_prep_P3_05,P3,C:53;P1:15;P2:15;P3:30,34.20,,receive,C
vote_yes_P2_05,P2,C:52;P1:15;P2:31;P3:15,34.50,vote_yes_P2,local,
vote_yes_P1_05,P1,C:51;P1:31;P2:15;P3:15,34.70,vote_yes_P1,local,
prepared_P1_05,P1,C:51;P1:32;P2:15;P3:15,34.75,prepared_P1,local,
prepared_P2_05,P2,C:52;P1:15;P2:32;P3:15,34.80,prepared_P2,local,
vote_yes_P3_05,P3,C:53;P1:15;P2:15;P3:31,35.00,vote_yes_P3,local,
prepared_P3_05,P3,C:53;P1:15;P2:15;P3:32,35.05,prepared_P3,local,
send_yes_P1_05,P1,C:51;P1:33;P2:15;P3:15,35.30,,send,C
send_yes_P2_05,P2,C:52;P1:15;P2:33;P3:15,35.40,,send,C
send_yes_P3_05,P3,C:53;P1:15;P2:15;P3:33,35.50,,send,C
recv_yes_P1_05,C,C:54;P1:19;P2:15;P3:15,36.00,,receive,P1
recv_yes_P2_05,C,C:55;P1:19;P2:19;P3:15,36.10,,receive,P2
recv_yes_P3_05,C,C:56;P1:19;P2:19;P3:19,36.20,,receive,P3
decide_commit_05,C,C:57;P1:19;P2:19;P3:19,36.50,committed,local,
commit_cmd_P1_05,C,C:58;P1:19;P2:19;P3:19,36.70,,send,P1
commit_cmd_P2_05,C,C:59;P1:19;P2:19;P3:19,36.80,,send,P2
commit_cmd_P3_05,C,C:60;P1:19;P2:19;P3:19,36.90,,send,P3
recv_commit_P1_05,P1,C:58;P1:34;P2:19;P3:19,37.50,,receive,C
recv_commit_P2_05,P2,C:59;P1:19;P2:34;P3:19,37.60,,receive,C
recv_commit_P3_05,P3,C:60;P1:19;P2:19;P3:34,37.70,,receive,C
local_commit_P1_05,P1,C:58;P1:35;P2:19;P3:19,38.00,local_commit_P1,local,
local_commit_P2_05,P2,C:59;P1:19;P2:35;P3:19,38.10,local_commit_P2,local,
local_commit_P3_05,P3,C:60;P1:19;P2:19;P3:35,38.20,local_commit_P3,local,
ack_P1_05,P1,C:58;P1:36;P2:19;P3:19,38.50,,send,C
ack_P2_05,P2,C:59;P1:19;P2:36;P3:19,38.60,,send,C
ack_P3_05,P3,C:60;P1:19;P2:19;P3:36,38.70,,send,C
tx_done_05,C,C:61;P1:19;P2:19;P3:19,39.50,,local,
begin_tx_06,C,C:62;P1:19;P2:19;P3:19,41.00,,local,
prepare_P1_06,C,C:63;P1:19;P2:19;P3:19,41.10,,send,P1
prepare_P2_06,C,C:64;P1:19;P2:19;P3:19,41.20,,send,P2
prepare_P3_06,C,C:65;P1:19;P2:19;P3:19,41.30,,send,P3
recv_prep_P1_06,P1,C:63;P1:37;P2:19;P3:19,42.00,,receive,C
recv_prep_P2_06,P2,C:64;P1:19;P2:37;P3:19,42.10,,receive,C
recv_prep_P3_06,P3,C:65;P1:19;P2:19;P3:37,42.20,,receive,C
vote_yes_P2_06,P2,C:64;P1:19;P2:38;P3:19,42.50,vote_yes_P2,local,
vote_yes_P1_06,P1,C:63;P1:38;P2:19;P3:19,42.70,vote_yes_P1,local,
prepared_P1_06,P1,C:63;P1:39;P2:19;P3:19,42.75,prepared_P1,local,
prepared_P2_06,P2,C:64;P1:19;P2:39;P3:19,42.80,prepared_P2,local,
vote_yes_P3_06,P3,C:65;P1:19;P2:19;P3:38,43.00,vote_yes_P3,local,
prepared_P3_06,P3,C:65;P1:19;P2:19;P3:39,43.05,prepared_P3,local,
send_yes_P1_06,P1,C:63;P1:40;P2:19;P3:19,43.30,,send,C
send_yes_P2_06,P2,C:64;P1:19;P2:40;P3:19,43.40,,send,C
send_yes_P3_06,P3,C:65;P1:19;P2:19;P3:40,43.50,,send,C
recv_yes_P1_06,C,C:66;P1:22;P2:19;P3:19,44.00,,receive,P1
recv_yes_P2_06,C,C:67;P1:22;P2:22;P3:19,44.10,,receive,P2
recv_yes_P3_06,C,C:68;P1:22;P2:22;P3:22,44.20,,receive,P3
decide_commit_06,C,C:69;P1:22;P2:22;P3:22,44.50,committed,local,
commit_cmd_P1_06,C,C:70;P1:22;P2:22;P3:22,44.70,,send,P1
commit_cmd_P2_06,C,C:71;P1:22;P2:22;P3:22,44.80,,send,P2
commit_cmd_P3_06,C,C:72;P1:22;P2:22;P3:22,44.90,,send,P3
recv_commit_P1_06,P1,C:70;P1:41;P2:22;P3:22,45.50,,receive,C
recv_commit_P2_06,P2,C:71;P1:22;P2:41;P3:22,45.60,,receive,C
recv_commit_P3_06,P3,C:72;P1:22;P2:22;P3:41,45.70,,receive,C
local_commit_P1_06,P1,C:70;P1:42;P2:22;P3:22,46.00,local_commit_P1,local,
local_commit_P2_06,P2,C:71;P1:22;P2:42;P3:22,46.10,local_commit_P2,local,
local_commit_P3_06,P3,C:72;P1:22;P2:22;P3:42,46.20,local_commit_P3,local,
ack_P1_06,P1,C:70;P1:43;P2:22;P3:22,46.50,,send,C
ack_P2_06,P2,C:71;P1:22;P2:43;P3:22,46.60,,send,C
ack_P3_06,P3,C:72;P1:22;P2:22;P3:43,46.70,,send,C
tx_done_06,C,C:73;P1:22;P2:22;P3:22,47.50,,local,
begin_tx_07,C,C:74;P1:22;P2:22;P3:22,49.00,,local,
prepare_P1_07,C,C:75;P1:22;P2:22;P3:22,49.10,,send,P1
prepare_P2_07,C,C:76;P1:22;P2:22;P3:22,49.20,,send,P2
prepare_P3_07,C,C:77;P1:22;P2:22;P3:22,49.30,,send,P3
recv_prep_P1_07,P1,C:75;P1:44;P2:22;P3:22,50.00,,receive,C
recv_prep_P2_07,P2,C:76;P1:22;P2:44;P3:22,50.10,,receive,C
recv_prep_P3_07,P3,C:77;P1:22;P2:22;P3:44,50.20,,receive,C
vote_yes_P2_07,P2,C:76;P1:22;P2:45;P3:22,50.50,vote_yes_P2,local,
vote_yes_P1_07,P1,C:75;P1:45;P2:22;P3:22,50.70,vote_yes_P1,local,
prepared_P1_07,P1,C:75;P1:46;P2:22;P3:22,50.75,prepared_P1,local,
prepared_P2_07,P2,C:76;P1:22;P2:46;P3:22,50.80,prepared_P2,local,
vote_yes_P3_07,P3,C:77;P1:22;P2:22;P3:45,51.00,vote_yes_P3,local,
prepared_P3_07,P3,C:77;P1:22;P2:22;P3:46,51.05,prepared_P3,local,
send_yes_P1_07,P1,C:75;P1:47;P2:22;P3:22,51.30,,send,C
send_yes_P2_07,P2,C:76;P1:22;P2:47;P3:22,51.40,,send,C
send_yes_P3_07,P3,C:77;P1:22;P2:22;P3:47,51.50,,send,C
recv_yes_P1_07,C,C:78;P1:26;P2:22;P3:22,52.00,,receive,P1
recv_yes_P2_07,C,C:79;P1:26;P2:26;P3:22,52.10,,receive,P2
recv_yes_P3_07,C,C:80;P1:26;P2:26;P3:26,52.20,,receive,P3
decide_commit_07,C,C:81;P1:26;P2:26;P3:26,52.50,committed,local,
commit_cmd_P1_07,C,C:82;P1:26;P2:26;P3:26,52.70,,send,P1
commit_cmd_P2_07,C,C:83;P1:26;P2:26;P3:26,52.80,,send,P2
commit_cmd_P3_07,C,C:84;P1:26;P2:26;P3:26,52.90,,send,P3
recv_commit_P1_07,P1,C:82;P1:48;P2:26;P3:26,53.50,,receive,C
recv_commit_P2_07,P2,C:83;P1:26;P2:48;P3:26,53.60,,receive,C
recv_commit_P3_07,P3,C:84;P1:26;P2:26;P3:48,53.70,,receive,C
local_commit_P1_07,P1,C:82;P1:49;P2:26;P3:26,54.00,local_commit_P1,local,
local_commit_P2_07,P2,C:83;P1:26;P2:49;P3:26,54.10,local_commit_P2,local,
local_commit_P3_07,P3,C:84;P1:26;P2:26;P3:49,54.20,local_commit_P3,local,
ack_P1_07,P1,C:82;P1:50;P2:26;P3:26,54.50,,send,C
ack_P2_07,P2,C:83;P1:26;P2:50;P3:26,54.60,,send,C
ack_P3_07,P3,C:84;P1:26;P2:26;P3:50,54.70,,send,C
tx_done_07,C,C:85;P1:26;P2:26;P3:26,55.50,,local,
begin_tx_08,C,C:86;P1:26;P2:26;P3:26,57.00,,local,
prepare_P1_08,C,C:87;P1:26;P2:26;P3:26,57.10,,send,P1
prepare_P2_08,C,C:88;P1:26;P2:26;P3:26,57.20,,send,P2
prepare_P3_08,C,C:89;P1:26;P2:26;P3:26,57.30,,send,P3
recv_prep_P1_08,P1,C:87;P1:51;P2:26;P3:26,58.00,,receive,C
recv_prep_P2_08,P2,C:88;P1:26;P2:51;P3:26,58.10,,receive,C
recv_prep_P3_08,P3,C:89;P1:26;P2:26;P3:51,58.20,,receive,C
vote_yes_P2_08,P2,C:88;P1:26;P2:52;P3:26,58.50,vote_yes_P2,local,
vote_yes_P1_08,P1,C:87;P1:52;P2:26;P3:26,58.70,vote_yes_P1,local,
prepared_P1_08,P1,C:87;P1:53;P2:26;P3:26,58.75,prepared_P1,local,
prepared_P2_08,P2,C:88;P1:26;P2:53;P3:26,58.80,prepared_P2,local,
vote_yes_P3_08,P3,C:89;P1:26;P2:26;P3:52,59.00,vote_yes_P3,local,
prepared_P3_08,P3,C:89;P1:26;P2:26;P3:53,59.05,prepared_P3,local,
send_yes_P1_08,P1,C:87;P1:54;P2:26;P3:26,59.30,,send,C
send_yes_P2_08,P2,C:88;P1:26;P2:54;P3:26,59.40,,send,C
send_yes_P3_08,P3,C:89;P1:26;P2:26;P3:54,59.50,,send,C
recv_yes_P1_08,C,C:90;P1:29;P2:26;P3:26,60.00,,receive,P1
recv_yes_P2_08,C,C:91;P1:29;P2:29;P3:26,60.10,,receive,P2
recv_yes_P3_08,C,C:92;P1:29;P2:29;P3:29,60.20,,receive,P3
decide_commit_08,C,C:93;P1:29;P2:29;P3:29,60.50,committed,local,
commit_cmd_P1_08,C,C:94;P1:29;P2:29;P3:29,60.70,,send,P1
commit_cmd_P2_08,C,C:95;P1:29;P2:29;P3:29,60.80,,send,P2
commit_cmd_P3_08,C,C:96;P1:29;P2:29;P3:29,60.90,,send,P3
recv_commit_P1_08,P1,C:94;P1:55;P2:29;P3:29,61.50,,receive,C
recv_commit_P2_08,P2,C:95;P1:29;P2:55;P3:29,61.60,,receive,C
recv_commit_P3_08,P3,C:96;P1:29;P2:29;P3:55,61.70,,receive,C
local_commit_P1_08,P1,C:94;P1:56;P2:29;P3:29,62.00,local_commit_P1,local,
local_commit_P2_08,P2,C:95;P1:29;P2:56;P3:29,62.10,local_commit_P2,local,
local_commit_P3_08,P3,C:96;P1:29;P2:29;P3:56,62.20,local_commit_P3,local,
ack_P1_08,P1,C:94;P1:57;P2:29;P3:29,62.50,,send,C
ack_P2_08,P2,C:95;P1:29;P2:57;P3:29,62.60,,send,C
ack_P3_08,P3,C:96;P1:29;P2:29;P3:57,62.70,,send,C
tx_done_08,C,C:97;P1:29;P2:29;P3:29,63.50,,local,
begin_tx_09,C,C:98;P1:29;P2:29;P3:29,65.00,,local,
prepare_P1_09,C,C:99;P1:29;P2:29;P3:29,65.10,,send,P1
prepare_P2_09,C,C:100;P1:29;P2:29;P3:29,65.20,,send,P2
prepare_P3_09,C,C:101;P1:29;P2:29;P3:29,65.30,,send,P3
recv_prep_P1_09,P1,C:99;P1:58;P2:29;P3:29,66.00,,receive,C
recv_prep_P2_09,P2,C:100;P1:29;P2:58;P3:29,66.10,,receive,C
recv_prep_P3_09,P3,C:101;P1:29;P2:29;P3:58,66.20,,receive,C
vote_yes_P2_09,P2,C:100;P1:29;P2:59;P3:29,66.50,vote_yes_P2,local,
vote_yes_P1_09,P1,C:99;P1:59;P2:29;P3:29,66.70,vote_yes_P1,local,
prepared_P1_09,P1,C:99;P1:60;P2:29;P3:29,66.75,prepared_P1,local,
prepared_P2_09,P2,C:100;P1:29;P2:60;P3:29,66.80,prepared_P2,local,
vote_yes_P3_09,P3,C:101;P1:29;P2:29;P3:59,67.00,vote_yes_P3,local,
prepared_P3_09,P3,C:101;P1:29;P2:29;P3:60,67.05,prepared_P3,local,
send_yes_P1_09,P1,C:99;P1:61;P2:29;P3:29,67.30,,send,C
send_yes_P2_09,P2,C:100;P1:29;P2:61;P3:29,67.40,,send,C
send_yes_P3_09,P3,C:101;P1:29;P2:29;P3:61,67.50,,send,C
recv_yes_P1_09,C,C:102;P1:33;P2:29;P3:29,68.00,,receive,P1
recv_yes_P2_09,C,C:103;P1:33;P2:33;P3:29,68.10,,receive,P2
recv_yes_P3_09,C,C:104;P1:33;P2:33;P3:33,68.20,,receive,P3
decide_commit_09,C,C:105;P1:33;P2:33;P3:33,68.50,committed,local,
commit_cmd_P1_09,C,C:106;P1:33;P2:33;P3:33,68.70,,send,P1
commit_cmd_P2_09,C,C:107;P1:33;P2:33;P3:33,68.80,,send,P2
commit_cmd_P3_09,C,C:108;P1:33;P2:33;P3:33,68.90,,send,P3
recv_commit_P1_09,P1,C:106;P1:62;P2:33;P3:33,69.50,,receive,C
recv_commit_P2_09,P2,C:107;P1:33;P2:62;P3:33,69.60,,receive,C
recv_commit_P3_09,P3,C:108;P1:33;P2:33;P3:62,69.70,,receive,C
local_commit_P1_09,P1,C:106;P1:63;P2:33;P3:33,70.00,local_commit_P1,local,
local_commit_P2_09,P2,C:107;P1:33;P2:63;P3:33,70.10,local_commit_P2,local,
local_commit_P3_09,P3,C:108;P1:33;P2:33;P3:63,70.20,local_commit_P3,local,
ack_P1_09,P1,C:106;P1:64;P2:33;P3:33,70.50,,send,C
ack_P2_09,P2,C:107;P1:33;P2:64;P3:33,70.60,,send,C
ack_P3_09,P3,C:108;P1:33;P2:33;P3:64,70.70,,send,C
tx_done_09,C,C:109;P1:33;P2:33;P3:33,71.50,,local,
begin_tx_10,C,C:110;P1:33;P2:33;P3:33,73.00,,local,
prepare_P1_10,C,C:111;P1:33;P2:33;P3:33,73.10,,send,P1
prepare_P2_10,C,C:112;P1:33;P2:33;P3:33,73.20,,send,P2
prepare_P3_10,C,C:113;P1:33;P2:33;P3:33,73.30,,send,P3
recv_prep_P1_10,P1,C:111;P1:65;P2:33;P3:33,74.00,,receive,C
recv_prep_P2_10,P2,C:112;P1:33;P2:65;P3:33,74.10,,receive,C
recv_prep_P3_10,P3,C:113;P1:33;P2:33;P3:65,74.20,,receive,C
vote_yes_P2_10,P2,C:112;P1:33;P2:66;P3:33,74.50,vote_yes_P2,local,
vote_yes_P1_10,P1,C:111;P1:66;P2:33;P3:33,74.70,vote_yes_P1,local,
prepared_P1_10,P1,C:111;P1:67;P2:33;P3:33,74.75,prepared_P1,local,
prepared_P2_10,P2,C:112;P1:33;P2:67;P3:33,74.80,prepared_P2,local,
vote_yes_P3_10,P3,C:113;P1:33;P2:33;P3:66,75.00,vote_yes_P3,local,
prepared_P3_10,P3,C:113;P1:33;P2:33;P3:67,75.05,prepared_P3,local,
send_yes_P1_10,P1,C:111;P1:68;P2:33;P3:33,75.30,,send,C
send_yes_P2_10,P2,C:112;P1:33;P2:68;P3:33,75.40,,send,C
send_yes_P3_10,P3,C:113;P1:33;P2:33;P3:68,75.50,,send,C
recv_yes_P1_10,C,C:114;P1:36;P2:33;P3:33,76.00,,receive,P1
recv_yes_P2_10,C,C:115;P1:36;P2:36;P3:33,76.10,,receive,P2
recv_yes_P3_10,C,C:116;P1:36;P2:36;P3:36,76.20,,receive,P3
decide_commit_10,C,C:117;P1:36;P2:36;P3:36,76.50,committed,local,
commit_cmd_P1_10,C,C:118;P1:36;P2:36;P3:36,76.70,,send,P1
commit_cmd_P2_10,C,C:119;P1:36;P2:36;P3:36,76.80,,send,P2
commit_cmd_P3_10,C,C:120;P1:36;P2:36;P3:36,76.90,,send,P3
recv_commit_P1_10,P1,C:118;P1:69;P2:36;P3:36,77.50,,receive,C
recv_commit_P2_10,P2,C:119;P1:36;P2:69;P3:36,77.60,,receive,C
recv_commit_P3_10,P3,C:120;P1:36;P2:36;P3:69,77.70,,receive,C
local_commit_P1_10,P1,C:118;P1:70;P2:36;P3:36,78.00,local_commit_P1,local,
local_commit_P2_10,P2,C:119;P1:36;P2:70;P3:36,78.10,local_commit_P2,local,
local_commit_P3_10,P3,C:120;P1:36;P2:36;P3:70,78.20,local_commit_P3,local,
ack_P1_10,P1,C:118;P1:71;P2:36;P3:36,78.50,,send,C
ack_P2_10,P2,C:119;P1:36;P2:71;P3:36,78.60,,send,C
ack_P3_10,P3,C:120;P1:36;P2:36;P3:71,78.70,,send,C
tx_done_10,C,C:121;P1:36;P2:36;P3:36,79.50,,local,
begin_tx_11,C,C:122;P1:36;P2:36;P3:36,81.00,,local,
prepare_P1_11,C,C:123;P1:36;P2:36;P3:36,81.10,,send,P1
prepare_P2_11,C,C:124;P1:36;P2:36;P3:36,81.20,,send,P2
prepare_P3_11,C,C:125;P1:36;P2:36;P3:36,81.30,,send,P3
recv_prep_P1_11,P1,C:123;P1:72;P2:36;P3:36,82.00,,receive,C
recv_prep_P2_11,P2,C:124;P1:36;P2:72;P3:36,82.10,,receive,C
recv_prep_P3_11,P3,C:125;P1:36;P2:36;P3:72,82.20,,receive,C
vote_yes_P2_11,P2,C:124;P1:36;P2:73;P3:36,82.50,vote_yes_P2,local,
vote_yes_P1_11,P1,C:123;P1:73;P2:36;P3:36,82.70,vote_yes_P1,local,
prepared_P1_11,P1,C:123;P1:74;P2:36;P3:36,82.75,prepared_P1,local,
prepared_P2_11,P2,C:124;P1:36;P2:74;P3:36,82.80,prepared_P2,local,
vote_yes_P3_11,P3,C:125;P1:36;P2:36;P3:73,83.00,vote_yes_P3,local,
prepared_P3_11,P3,C:125;P1:36;P2:36;P3:74,83.05,prepared_P3,local,
send_yes_P1_11,P1,C:123;P1:75;P2:36;P3:36,83.30,,send,C
send_yes_P2_11,P2,C:124;P1:36;P2:75;P3:36,83.40,,send,C
send_yes_P3_11,P3,C:125;P1:36;P2:36;P3:75,83.50,,send,C
recv_yes_P1_11,C,C:126;P1:40;P2:36;P3:36,84.00,,receive,P1
recv_yes_P2_11,C,C:127;P1:40;P2:40;P3:36,84.10,,receive,P2
recv_yes_P3_11,C,C:128;P1:40;P2:40;P3:40,84.20,,receive,P3
decide_commit_11,C,C:129;P1:40;P2:40;P3:40,84.50,committed,local,
commit_cmd_P1_11,C,C:130;P1:40;P2:40;P3:40,84.70,,send,P1
commit_cmd_P2_11,C,C:131;P1:40;P2:40;P3:40,84.80,,send,P2
commit_cmd_P3_11,C,C:132;P1:40;P2:40;P3:40,84.90,,send,P3
recv_commit_P1_11,P1,C:130;P1:76;P2:40;P3:40,85.50,,receive,C
recv_commit_P2_11,P2,C:131;P1:40;P2:76;P3:40,85.60,,receive,C
recv_commit_P3_11,P3,C:132;P1:40;P2:40;P3:76,85.70,,receive,C
local_commit_P1_11,P1,C:130;P1:77;P2:40;P3:40,86.00,local_commit_P1,local,
local_commit_P2_11,P2,C:131;P1:40;P2:77;P3:40,86.10,local_commit_P2,local,
local_commit_P3_11,P3,C:132;P1:40;P2:40;P3:77,86.20,local_commit_P3,local,
ack_P1_11,P1,C:130;P1:78;P2:40;P3:40,86.50,,send,C
ack_P2_11,P2,C:131;P1:40;P2:78;P3:40,86.60,,send,C
ack_P3_11,P3,C:132;P1:40;P2:40;P3:78,86.70,,send,C
tx_done_11,C,C:133;P1:40;P2:40;P3:40,87.50,,local,
begin_tx_12,C,C:134;P1:40;P2:40;P3:40,89.00,,local,
prepare_P1_12,C,C:135;P1:40;P2:40;P3:40,89.10,,send,P1
prepare_P2_12,C,C:136;P1:40;P2:40;P3:40,89.20,,send,P2
prepare_P3_12,C,C:137;P1:40;P2:40;P3:40,89.30,,send,P3
recv_prep_P1_12,P1,C:135;P1:79;P2:40;P3:40,90.00,,receive,C
recv_prep_P2_12,P2,C:136;P1:40;P2:79;P3:40,90.10,,receive,C
recv_prep_P3_12,P3,C:137;P1:40;P2:40;P3:79,90.20,,receive,C
vote_yes_P2_12,P2,C:136;P1:40;P2:80;P3:40,90.50,vote_yes_P2,local,
vote_yes_P1_12,P1,C:135;P1:80;P2:40;P3:40,90.70,vote_yes_P1,local,
prepared_P1_12,P1,C:135;P1:81;P2:40;P3:40,90.75,prepared_P1,local,
prepared_P2_12,P2,C:136;P1:40;P2:81;P3:40,90.80,prepared_P2,local,
vote_yes_P3_12,P3,C:137;P1:40;P2:40;P3:80,91.00,vote_yes_P3,local,
prepared_P3_12,P3,C:137;P1:40;P2:40;P3:81,91.05,prepared_P3,local,
send_yes_P1_12,P1,C:135;P1:82;P2:40;P3:40,91.30,,send,C
send_yes_P2_12,P2,C:136;P1:40;P2:82;P3:40,91.40,,send,C
send_yes_P3_12,P3,C:137;P1:40;P2:40;P3:82,91.50,,send,C
recv_yes_P1_12,C,C:138;P1:43;P2:40;P3:40,92.00,,receive,P1
recv_yes_P2_12,C,C:139;P1:43;P2:43;P3:40,92.10,,receive,P2
recv_yes_P3_12,C,C:140;P1:43;P2:43;P3:43,92.20,,receive,P3
decide_commit_12,C,C:141;P1:43;P2:43;P3:43,92.50,committed,local,
commit_cmd_P1_12,C,C:142;P1:43;P2:43;P3:43,92.70,,send,P1
commit_cmd_P2_12,C,C:143;P1:43;P2:43;P3:43,92.80,,send,P2
commit_cmd_P3_12,C,C:144;P1:43;P2:43;P3:43,92.90,,send,P3
recv_commit_P1_12,P1,C:142;P1:83;P2:43;P3:43,93.50,,receive,C
recv_commit_P2_12,P2,C:143;P1:43;P2:83;P3:43,93.60,,receive,C
recv_commit_P3_12,P3,C:144;P1:43;P2:43;P3:83,93.70,,receive,C
local_commit_P1_12,P1,C:142;P1:84;P2:43;P3:43,94.00,local_commit_P1,local,
local_commit_P2_12,P2,C:143;P1:43;P2:84;P3:43,94.10,local_commit_P2,local,
local_commit_P3_12,P3,C:144;P1:43;P2:43;P3:84,94.20,local_commit_P3,local,
ack_P1_12,P1,C:142;P1:85;P2:43;P3:43,94.50,,send,C
ack_P2_12,P2,C:143;P1:43;P2:85;P3:43,94.60,,send,C
ack_P3_12,P3,C:144;P1:43;P2:43;P3:85,94.70,,send,C
tx_done_12,C,C:145;P1:43;P2:43;P3:43,95.50,,local,
begin_tx_13,C,C:146;P1:43;P2:43;P3:43,97.00,,local,
prepare_P1_13,C,C:147;P1:43;P2:43;P3:43,97.10,,send,P1
prepare_P2_13,C,C:148;P1:43;P2:43;P3:43,97.20,,send,P2
prepare_P3_13,C,C:149;P1:43;P2:43;P3:43,97.30,,send,P3
recv_prep_P1_13,P1,C:147;P1:86;P2:43;P3:43,98.00,,receive,C
recv_prep_P2_13,P2,C:148;P1:43;P2:86;P3:43,98.10,,receive,C
recv_prep_P3_13,P3,C:149;P1:43;P2:43;P3:86,98.20,,receive,C
vote_yes_P2_13,P2,C:148;P1:43;P2:87;P3:43,98.50,vote_yes_P2,local,
vote_yes_P1_13,P1,C:147;P1:87;P2:43;P3:43,98.70,vote_yes_P1,local,
prepared_P1_13,P1,C:147;P1:88;P2:43;P3:43,98.75,prepared_P1,local,
prepared_P2_13,P2,C:148;P1:43;P2:88;P3:43,98.80,prepared_P2,local,
vote_yes_P3_13,P3,C:149;P1:43;P2:43;P3:87,99.00,vote_yes_P3,local,
prepared_P3_13,P3,C:149;P1:43;P2:43;P3:88,99.05,prepared_P3,local,
send_yes_P1_13,P1,C:147;P1:89;P2:43;P3:43,99.30,,send,C
send_yes_P2_13,P2,C:148;P1:43;P2:89;P3:43,99.40,,send,C
send_yes_P3_13,P3,C:149;P1:43;P2:43;P3:89,99.50,,send,C
recv_yes_P1_13,C,C:150;P1:47;P2:43;P3:43,100.00,,receive,P1
recv_yes_P2_13,C,C:151;P1:47;P2:47;P3:43,100.10,,receive,P2
recv_yes_P3_13,C,C:152;P1:47;P2:47;P3:47,100.20,,receive,P3
decide_commit_13,C,C:153;P1:47;P2:47;P3:47,100.50,committed,local,
commit_cmd_P1_13,C,C:154;P1:47;P2:47;P3:47,100.70,,send,P1
commit_cmd_P2_13,C,C:155;P1:47;P2:47;P3:47,100.80,,send,P2
commit_cmd_P3_13,C,C:156;P1:47;P2:47;P3:47,100.90,,send,P3
recv_commit_P1_13,P1,C:154;P1:90;P2:47;P3:47,101.50,,receive,C
recv_commit_P2_13,P2,C:155;P1:47;P2:90;P3:47,101.60,,receive,C
recv_commit_P3_13,P3,C:156;P1:47;P2:47;P3:90,101.70,,receive,C
local_commit_P1_13,P1,C:154;P1:91;P2:47;P3:47,102.00,local_commit_P1,local,
local_commit_P2_13,P2,C:155;P1:47;P2:91;P3:47,102.10,local_commit_P2,local,
local_commit_P3_13,P3,C:156;P1:47;P2:47;P3:91,102.20,local_commit_P3,local,
ack_P1_13,P1,C:154;P1:92;P2:47;P3:47,102.50,,send,C
ack_P2_13,P2,C:155;P1:47;P2:92;P3:47,102.60,,send,C
ack_P3_13,P3,C:156;P1:47;P2:47;P3:92,102.70,,send,C
tx_done_13,C,C:157;P1:47;P2:47;P3:47,103.50,,local,
begin_tx_14,C,C:158;P1:47;P2:47;P3:47,105.00,,local,
prepare_P1_14,C,C:159;P1:47;P2:47;P3:47,105.10,,send,P1
prepare_P2_14,C,C:160;P1:47;P2:47;P3:47,105.20,,send,P2
prepare_P3_14,C,C:161;P1:47;P2:47;P3:47,105.30,,send,P3
recv_prep_P1_14,P1,C:159;P1:93;P2:47;P3:47,106.00,,receive,C
recv_prep_P2_14,P2,C:160;P1:47;P2:93;P3:47,106.10,,receive,C
recv_prep_P3_14,P3,C:161;P1:47;P2:47;P3:93,106.20,,receive,C
vote_yes_P2_14,P2,C:160;P1:47;P2:94;P3:47,106.50,vote_yes_P2,local,
vote_yes_P1_14,P1,C:159;P1:94;P2:47;P3:47,106.70,vote_yes_P1,local,
prepared_P1_14,P1,C:159;P1:95;P2:47;P3:47,106.75,prepared_P1,local,
prepared_P2_14,P2,C:160;P1:47;P2:95;P3:47,106.80,prepared_P2,local,
vote_yes_P3_14,P3,C:161;P1:47;P2:47;P3:94,107.00,vote_yes_P3,local,
prepared_P3_14,P3,C:161;P1:47;P2:47;P3:95,107.05,prepared_P3,local,
send_yes_P1_14,P1,C:159;P1:96;P2:47;P3:47,107.30,,send,C
send_yes_P2_14,P2,C:160;P1:47;P2:96;P3:47,107.40,,send,C
send_yes_P3_14,P3,C:161;P1:47;P2:47;P3:96,107.50,,send,C
recv_yes_P1_14,C,C:162;P1:50;P2:47;P3:47,108.00,,receive,P1
recv_yes_P2_14,C,C:163;P1:50;P2:50;P3:47,108.10,,receive,P2
recv_yes_P3_14,C,C:164;P1:50;P2:50;P3:50,108.20,,receive,P3
decide_commit_14,C,C:165;P1:50;P2:50;P3:50,108.50,committed,local,
commit_cmd_P1_14,C,C:166;P1:50;P2:50;P3:50,108.70,,send,P1
commit_cmd_P2_14,C,C:167;P1:50;P2:50;P3:50,108.80,,send,P2
commit_cmd_P3_14,C,C:168;P1:50;P2:50;P3:50,108.90,,send,P3
recv_commit_P1_14,P1,C:166;P1:97;P2:50;P3:50,109.50,,receive,C
recv_commit_P2_14,P2,C:167;P1:50;P2:97;P3:50,109.60,,receive,C
recv_commit_P3_14,P3,C:168;P1:50;P2:50;P3:97,109.70,,receive,C
local_commit_P1_14,P1,C:166;P1:98;P2:50;P3:50,110.00,local_commit_P1,local,
local_commit_P2_14,P2,C:167;P1:50;P2:98;P3:50,110.10,local_commit_P2,local,
local_commit_P3_14,P3,C:168;P1:50;P2:50;P3:98,110.20,local_commit_P3,local,
ack_P1_14,P1,C:166;P1:99;P2:50;P3:50,110.50,,send,C
ack_P2_14,P2,C:167;P1:50;P2:99;P3:50,110.60,,send,C
ack_P3_14,P3,C:168;P1:50;P2:50;P3:99,110.70,,send,C
tx_done_14,C,C:169;P1:50;P2:50;P3:50,111.50,,local,
begin_tx_15,C,C:170;P1:50;P2:50;P3:50,113.00,,local,
prepare_P1_15,C,C:171;P1:50;P2:50;P3:50,113.10,,send,P1
prepare_P2_15,C,C:172;P1:50;P2:50;P3:50,113.20,,send,P2
prepare_P3_15,C,C:173;P1:50;P2:50;P3:50,113.30,,send,P3
recv_prep_P1_15,P1,C:171;P1:100;P2:50;P3:50,114.00,,receive,C
recv_prep_P2_15,P2,C:172;P1:50;P2:100;P3:50,114.10,,receive,C
recv_prep_P3_15,P3,C:173;P1:50;P2:50;P3:100,114.20,,receive,C
vote_yes_P2_15,P2,C:172;P1:50;P2:101;P3:50,114.50,vote_yes_P2,local,
vote_yes_P1_15,P1,C:171;P1:101;P2:50;P3:50,114.70,vote_yes_P1,local,
prepared_P1_15,P1,C:171;P1:102;P2:50;P3:50,114.75,prepared_P1,local,
prepared_P2_15,P2,C:172;P1:50;P2:102;P3:50,114.80,prepared_P2,local,
vote_yes_P3_15,P3,C:173;P1:50;P2:50;P3:101,115.00,vote_yes_P3,local,
prepared_P3_15,P3,C:173;P1:50;P2:50;P3:102,115.05,prepared_P3,local,
send_yes_P1_15,P1,C:171;P1:103;P2:50;P3:50,115.30,,send,C
send_yes_P2_15,P2,C:172;P1:50;P2:103;P3:50,115.40,,send,C
send_yes_P3_15,P3,C:173;P1:50;P2:50;P3:103,115.50,,send,C
recv_yes_P1_15,C,C:174;P1:54;P2:50;P3:50,116.00,,receive,P1
recv_yes_P2_15,C,C:175;P1:54;P2:54;P3:50,116.10,,receive,P2
recv_yes_P3_15,C,C:176;P1:54;P2:54;P3:54,116.20,,receive,P3
decide_commit_15,C,C:177;P1:54;P2:54;P3:54,116.50,committed,local,
commit_cmd_P1_15,C,C:178;P1:54;P2:54;P3:54,116.70,,send,P1
commit_cmd_P2_15,C,C:179;P1:54;P2:54;P3:54,116.80,,send,P2
commit_cmd_P3_15,C,C:180;P1:54;P2:54;P3:54,116.90,,send,P3
recv_commit_P1_15,P1,C:178;P1:104;P2:54;P3:54,117.50,,receive,C
recv_commit_P2_15,P2,C:179;P1:54;P2:104;P3:54,117.60,,receive,C
recv_commit_P3_15,P3,C:180;P1:54;P2:54;P3:104,117.70,,receive,C
local_commit_P1_15,P1,C:178;P1:105;P2:54;P3:54,118.00,local_commit_P1,local,
local_commit_P2_15,P2,C:179;P1:54;P2:105;P3:54,118.10,local_commit_P2,local,
local_commit_P3_15,P3,C:180;P1:54;P2:54;P3:105,118.20,local_commit_P3,local,
ack_P1_15,P1,C:178;P1:106;P2:54;P3:54,118.50,,send,C
ack_P2_15,P2,C:179;P1:54;P2:106;P3:54,118.60,,send,C
ack_P3_15,P3,C:180;P1:54;P2:54;P3:106,118.70,,send,C
tx_done_15,C,C:181;P1:54;P2:54;P3:54,119.50,,local,
begin_tx_16,C,C:182;P1:54;P2:54;P3:54,121.00,,local,
prepare_P1_16,C,C:183;P1:54;P2:54;P3:54,121.10,,send,P1
prepare_P2_16,C,C:184;P1:54;P2:54;P3:54,121.20,,send,P2
prepare_P3_16,C,C:185;P1:54;P2:54;P3:54,121.30,,send,P3
recv_prep_P1_16,P1,C:183;P1:107;P2:54;P3:54,122.00,,receive,C
recv_prep_P2_16,P2,C:184;P1:54;P2:107;P3:54,122.10,,receive,C
recv_prep_P3_16,P3,C:185;P1:54;P2:54;P3:107,122.20,,receive,C
vote_yes_P2_16,P2,C:184;P1:54;P2:108;P3:54,122.50,vote_yes_P2,local,
vote_yes_P1_16,P1,C:183;P1:108;P2:54;P3:54,122.70,vote_yes_P1,local,
prepared_P1_16,P1,C:183;P1:109;P2:54;P3:54,122.75,prepared_P1,local,
prepared_P2_16,P2,C:184;P1:54;P2:109;P3:54,122.80,prepared_P2,local,
vote_yes_P3_16,P3,C:185;P1:54;P2:54;P3:108,123.00,vote_yes_P3,local,
prepared_P3_16,P3,C:185;P1:54;P2:54;P3:109,123.05,prepared_P3,local,
send_yes_P1_16,P1,C:183;P1:110;P2:54;P3:54,123.30,,send,C
send_yes_P2_16,P2,C:184;P1:54;P2:110;P3:54,123.40,,send,C
send_yes_P3_16,P3,C:185;P1:54;P2:54;P3:110,123.50,,send,C
recv_yes_P1_16,C,C:186;P1:57;P2:54;P3:54,124.00,,receive,P1
recv_yes_P2_16,C,C:187;P1:57;P2:57;P3:54,124.10,,receive,P2
recv_yes_P3_16,C,C:188;P1:57;P2:57;P3:57,124.20,,receive,P3
decide_commit_16,C,C:189;P1:57;P2:57;P3:57,124.50,committed,local,
commit_cmd_P1_16,C,C:190;P1:57;P2:57;P3:57,124.70,,send,P1
commit_cmd_P2_16,C,C:191;P1:57;P2:57;P3:57,124.80,,send,P2
commit_cmd_P3_16,C,C:192;P1:57;P2:57;P3:57,124.90,,send,P3
recv_commit_P1_16,P1,C:190;P1:111;P2:57;P3:57,125.50,,receive,C
recv_commit_P2_16,P2,C:191;P1:57;P2:111;P3:57,125.60,,receive,C
recv_commit_P3_16,P3,C:192;P1:57;P2:57;P3:111,125.70,,receive,C
local_commit_P1_16,P1,C:190;P1:112;P2:57;P3:57,126.00,local_commit_P1,local,
local_commit_P2_16,P2,C:191;P1:57;P2:112;P3:57,126.10,local_commit_P2,local,
local_commit_P3_16,P3,C:192;P1:57;P2:57;P3:112,126.20,local_commit_P3,local,
ack_P1_16,P1,C:190;P1:113;P2:57;P3:57,126.50,,send,C
ack_P2_16,P2,C:191;P1:57;P2:113;P3:57,126.60,,send,C
ack_P3_16,P3,C:192;P1:57;P2:57;P3:113,126.70,,send,C
tx_done_16,C,C:193;P1:57;P2:57;P3:57,127.50,,local,
begin_tx_17,C,C:194;P1:57;P2:57;P3:57,129.00,,local,
prepare_P1_17,C,C:195;P1:57;P2:57;P3:57,129.10,,send,P1
prepare_P2_17,C,C:196;P1:57;P2:57;P3:57,129.20,,send,P2
prepare_P3_17,C,C:197;P1:57;P2:57;P3:57,129.30,,send,P3
recv_prep_P1_17,P1,C:195;P1:114;P2:57;P3:57,130.00,,receive,C
recv_prep_P2_17,P2,C:196;P1:57;P2:114;P3:57,130.10,,receive,C
recv_prep_P3_17,P3,C:197;P1:57;P2:57;P3:114,130.20,,receive,C
vote_yes_P2_17,P2,C:196;P1:57;P2:115;P3:57,130.50,vote_yes_P2,local,
vote_yes_P1_17,P1,C:195;P1:115;P2:57;P3:57,130.70,vote_yes_P1,local,
prepared_P1_17,P1,C:195;P1:116;P2:57;P3:57,130.75,prepared_P1,local,
prepared_P2_17,P2,C:196;P1:57;P2:116;P3:57,130.80,prepared_P2,local,
vote_yes_P3_17,P3,C:197;P1:57;P2:57;P3:115,131.00,vote_yes_P3,local,
prepared_P3_17,P3,C:197;P1:57;P2:57;P3:116,131.05,prepared_P3,local,
send_yes_P1_17,P1,C:195;P1:117;P2:57;P3:57,131.30,,send,C
send_yes_P2_17,P2,C:196;P1:57;P2:117;P3:57,131.40,,send,C
send_yes_P3_17,P3,C:197;P1:57;P2:57;P3:117,131.50,,send,C
recv_yes_P1_17,C,C:198;P1:61;P2:57;P3:57,132.00,,receive,P1
recv_yes_P2_17,C,C:199;P1:61;P2:61;P3:57,132.10,,receive,P2
recv_yes_P3_17,C,C:200;P1:61;P2:61;P3:61,132.20,,receive,P3
decide_commit_17,C,C:201;P1:61;P2:61;P3:61,132.50,committed,local,
commit_cmd_P1_17,C,C:202;P1:61;P2:61;P3:61,132.70,,send,P1
commit_cmd_P2_17,C,C:203;P1:61;P2:61;P3:61,132.80,,send,P2
commit_cmd_P3_17,C,C:204;P1:61;P2:61;P3:61,132.90,,send,P3
recv_commit_P1_17,P1,C:202;P1:118;P2:61;P3:61,133.50,,receive,C
recv_commit_P2_17,P2,C:203;P1:61;P2:118;P3:61,133.60,,receive,C
recv_commit_P3_17,P3,C:204;P1:61;P2:61;P3:118,133.70,,receive,C
local_commit_P1_17,P1,C:202;P1:119;P2:61;P3:61,134.00,local_commit_P1,local,
local_commit_P2_17,P2,C:203;P1:61;P2:119;P3:61,134.10,local_commit_P2,local,
local_commit_P3_17,P3,C:204;P1:61;P2:61;P3:119,134.20,local_commit_P3,local,
ack_P1_17,P1,C:202;P1:120;P2:61;P3:61,134.50,,send,C
ack_P2_17,P2,C:203;P1:61;P2:120;P3:61,134.60,,send,C
ack_P3_17,P3,C:204;P1:61;P2:61;P3:120,134.70,,send,C
tx_done_17,C,C:205;P1:61;P2:61;P3:61,135.50,,local,
begin_tx_18,C,C:206;P1:61;P2:61;P3:61,137.00,,local,
prepare_P1_18,C,C:207;P1:61;P2:61;P3:61,137.10,,send,P1
prepare_P2_18,C,C:208;P1:61;P2:61;P3:61,137.20,,send,P2
prepare_P3_18,C,C:209;P1:61;P2:61;P3:61,137.30,,send,P3
recv_prep_P1_18,P1,C:207;P1:121;P2:61;P3:61,138.00,,receive,C
recv_prep_P2_18,P2,C:208;P1:61;P2:121;P3:61,138.10,,receive,C
recv_prep_P3_18,P3,C:209;P1:61;P2:61;P3:121,138.20,,receive,C
vote_yes_P2_18,P2,C:208;P1:61;P2:122;P3:61,138.50,vote_yes_P2,local,
vote_yes_P1_18,P1,C:207;P1:122;P2:61;P3:61,138.70,vote_yes_P1,local,
prepared_P1_18,P1,C:207;P1:123;P2:61;P3:61,138.75,prepared_P1,local,
prepared_P2_18,P2,C:208;P1:61;P2:123;P3:61,138.80,prepared_P2,local,
vote_yes_P3_18,P3,C:209;P1:61;P2:61;P3:122,139.00,vote_yes_P3,local,
prepared_P3_18,P3,C:209;P1:61;P2:61;P3:123,139.05,prepared_P3,local,
send_yes_P1_18,P1,C:207;P1:124;P2:61;P3:61,139.30,,send,C
send_yes_P2_18,P2,C:208;P1:61;P2:124;P3:61,139.40,,send,C
send_yes_P3_18,P3,C:209;P1:61;P2:61;P3:124,139.50,,send,C
recv_yes_P1_18,C,C:210;P1:64;P2:61;P3:61,140.00,,receive,P1
recv_yes_P2_18,C,C:211;P1:64;P2:64;P3:61,140.10,,receive,P2
recv_yes_P3_18,C,C:212;P1:64;P2:64;P3:64,140.20,,receive,P3
decide_commit_18,C,C:213;P1:64;P2:64;P3:64,140.50,committed,local,
commit_cmd_P1_18,C,C:214;P1:64;P2:64;P3:64,140.70,,send,P1
commit_cmd_P2_18,C,C:215;P1:64;P2:64;P3:64,140.80,,send,P2
commit_cmd_P3_18,C,C:216;P1:64;P2:64;P3:64,140.90,,send,P3
recv_commit_P1_18,P1,C:214;P1:125;P2:64;P3:64,141.50,,receive,C
recv_commit_P2_18,P2,C:215;P1:64;P2:125;P3:64,141.60,,receive,C
recv_commit_P3_18,P3,C:216;P1:64;P2:64;P3:125,141.70,,receive,C
local_commit_P1_18,P1,C:214;P1:126;P2:64;P3:64,142.00,local_commit_P1,local,
local_commit_P2_18,P2,C:215;P1:64;P2:126;P3:64,142.10,local_commit_P2,local,
local_commit_P3_18,P3,C:216;P1:64;P2:64;P3:126,142.20,local_commit_P3,local,
ack_P1_18,P1,C:214;P1:127;P2:64;P3:64,142.50,,send,C
ack_P2_18,P2,C:215;P1:64;P2:127;P3:64,142.60,,send,C
ack_P3_18,P3,C:216;P1:64;P2:64;P3:127,142.70,,send,C
tx_done_18,C,C:217;P1:64;P2:64;P3:64,143.50,,local,
begin_tx_19,C,C:218;P1:64;P2:64;P3:64,145.00,,local,
prepare_P1_19,C,C:219;P1:64;P2:64;P3:64,145.10,,send,P1
prepare_P2_19,C,C:220;P1:64;P2:64;P3:64,145.20,,send,P2
prepare_P3_19,C,C:221;P1:64;P2:64;P3:64,145.30,,send,P3
recv_prep_P1_19,P1,C:219;P1:128;P2:64;P3:64,146.00,,receive,C
recv_prep_P2_19,P2,C:220;P1:64;P2:128;P3:64,146.10,,receive,C
recv_prep_P3_19,P3,C:221;P1:64;P2:64;P3:128,146.20,,receive,C
vote_yes_P2_19,P2,C:220;P1:64;P2:129;P3:64,146.50,vote_yes_P2,local,
vote_yes_P1_19,P1,C:219;P1:129;P2:64;P3:64,146.70,vote_yes_P1,local,
prepared_P1_19,P1,C:219;P1:130;P2:64;P3:64,146.75,prepared_P1,local,
prepared_P2_19,P2,C:220;P1:64;P2:130;P3:64,146.80,prepared_P2,local,
vote_yes_P3_19,P3,C:221;P1:64;P2:64;P3:129,147.00,vote_yes_P3,local,
prepared_P3_19,P3,C:221;P1:64;P2:64;P3:130,147.05,prepared_P3,local,
send_yes_P1_19,P1,C:219;P1:131;P2:64;P3:64,147.30,,send,C
send_yes_P2_19,P2,C:220;P1:64;P2:131;P3:64,147.40,,send,C
send_yes_P3_19,P3,C:221;P1:64;P2:64;P3:131,147.50,,send,C
recv_yes_P1_19,C,C:222;P1:68;P2:64;P3:64,148.00,,receive,P1
recv_yes_P2_19,C,C:223;P1:68;P2:68;P3:64,148.10,,receive,P2
recv_yes_P3_19,C,C:224;P1:68;P2:68;P3:68,148.20,,receive,P3
decide_commit_19,C,C:225;P1:68;P2:68;P3:68,148.50,committed,local,
commit_cmd_P1_19,C,C:226;P1:68;P2:68;P3:68,148.70,,send,P1
commit_cmd_P2_19,C,C:227;P1:68;P2:68;P3:68,148.80,,send,P2
commit_cmd_P3_19,C,C:228;P1:68;P2:68;P3:68,148.90,,send,P3
recv_commit_P1_19,P1,C:226;P1:132;P2:68;P3:68,149.50,,receive,C
recv_commit_P2_19,P2,C:227;P1:68;P2:132;P3:68,149.60,,receive,C
recv_commit_P3_19,P3,C:228;P1:68;P2:68;P3:132,149.70,,receive,C
local_commit_P1_19,P1,C:226;P1:133;P2:68;P3:68,150.00,local_commit_P1,local,
local_commit_P2_19,P2,C:227;P1:68;P2:133;P3:68,150.10,local_commit_P2,local,
local_commit_P3_19,P3,C:228;P1:68;P2:68;P3:133,150.20,local_commit_P3,local,
ack_P1_19,P1,C:226;P1:134;P2:68;P3:68,150.50,,send,C
ack_P2_19,P2,C:227;P1:68;P2:134;P3:68,150.60,,send,C
ack_P3_19,P3,C:228;P1:68;P2:68;P3:134,150.70,,send,C
tx_done_19,C,C:229;P1:68;P2:68;P3:68,151.50,,local,
begin_tx_20,C,C:230;P1:68;P2:68;P3:68,153.00,,local,
prepare_P1_20,C,C:231;P1:68;P2:68;P3:68,153.10,,send,P1
prepare_P2_20,C,C:232;P1:68;P2:68;P3:68,153.20,,send,P2
prepare_P3_20,C,C:233;P1:68;P2:68;P3:68,153.30,,send,P3
recv_prep_P1_20,P1,C:231;P1:135;P2:68;P3:68,154.00,,receive,C
recv_prep_P2_20,P2,C:232;P1:68;P2:135;P3:68,154.10,,receive,C
recv_prep_P3_20,P3,C:233;P1:68;P2:68;P3:135,154.20,,receive,C
vote_yes_P2_20,P2,C:232;P1:68;P2:136;P3:68,154.50,vote_yes_P2,local,
vote_yes_P1_20,P1,C:231;P1:136;P2:68;P3:68,154.70,vote_yes_P1,local,
prepared_P1_20,P1,C:231;P1:137;P2:68;P3:68,154.75,prepared_P1,local,
prepared_P2_20,P2,C:232;P1:68;P2:137;P3:68,154.80,prepared_P2,local,
vote_yes_P3_20,P3,C:233;P1:68;P2:68;P3:136,155.00,vote_yes_P3,local,
prepared_P3_20,P3,C:233;P1:68;P2:68;P3:137,155.05,prepared_P3,local,
send_yes_P1_20,P1,C:231;P1:138;P2:68;P3:68,155.30,,send,C
send_yes_P2_20,P2,C:232;P1:68;P2:138;P3:68,155.40,,send,C
send_yes_P3_20,P3,C:233;P1:68;P2:68;P3:138,155.50,,send,C
recv_yes_P1_20,C,C:234;P1:71;P2:68;P3:68,156.00,,receive,P1
recv_yes_P2_20,C,C:235;P1:71;P2:71;P3:68,156.10,,receive,P2
recv_yes_P3_20,C,C:236;P1:71;P2:71;P3:71,156.20,,receive,P3
decide_commit_20,C,C:237;P1:71;P2:71;P3:71,156.50,committed,local,
commit_cmd_P1_20,C,C:238;P1:71;P2:71;P3:71,156.70,,send,P1
commit_cmd_P2_20,C,C:239;P1:71;P2:71;P3:71,156.80,,send,P2
commit_cmd_P3_20,C,C:240;P1:71;P2:71;P3:71,156.90,,send,P3
recv_commit_P1_20,P1,C:238;P1:139;P2:71;P3:71,157.50,,receive,C
recv_commit_P2_20,P2,C:239;P1:71;P2:139;P3:71,157.60,,receive,C
recv_commit_P3_20,P3,C:240;P1:71;P2:71;P3:139,157.70,,receive,C
local_commit_P1_20,P1,C:238;P1:140;P2:71;P3:71,158.00,local_commit_P1,local,
local_commit_P2_20,P2,C:239;P1:71;P2:140;P3:71,158.10,local_commit_P2,local,
local_commit_P3_20,P3,C:240;P1:71;P2:71;P3:140,158.20,local_commit_P3,local,
ack_P1_20,P1,C:238;P1:141;P2:71;P3:71,158.50,,send,C
ack_P2_20,P2,C:239;P1:71;P2:141;P3:71,158.60,,send,C
ack_P3_20,P3,C:240;P1:71;P2:71;P3:141,158.70,,send,C
tx_done_20,C,C:241;P1:71;P2:71;P3:71,159.50,,local,
begin_tx_21,C,C:242;P1:71;P2:71;P3:71,161.00,,local,
prepare_P1_21,C,C:243;P1:71;P2:71;P3:71,161.10,,send,P1
prepare_P2_21,C,C:244;P1:71;P2:71;P3:71,161.20,,send,P2
prepare_P3_21,C,C:245;P1:71;P2:71;P3:71,161.30,,send,P3
recv_prep_P1_21,P1,C:243;P1:142;P2:71;P3:71,162.00,,receive,C
recv_prep_P2_21,P2,C:244;P1:71;P2:142;P3:71,162.10,,receive,C
recv_prep_P3_21,P3,C:245;P1:71;P2:71;P3:142,162.20,,receive,C
vote_yes_P2_21,P2,C:244;P1:71;P2:143;P3:71,162.50,vote_yes_P2,local,
vote_yes_P1_21,P1,C:243;P1:143;P2:71;P3:71,162.70,vote_yes_P1,local,
prepared_P1_21,P1,C:243;P1:144;P2:71;P3:71,162.75,prepared_P1,local,
prepared_P2_21,P2,C:244;P1:71;P2:144;P3:71,162.80,prepared_P2,local,
vote_yes_P3_21,P3,C:245;P1:71;P2:71;P3:143,163.00,vote_yes_P3,local,
prepared_P3_21,P3,C:245;P1:71;P2:71;P3:144,163.05,prepared_P3,local,
send_yes_P1_21,P1,C:243;P1:145;P2:71;P3:71,163.30,,send,C
send_yes_P2_21,P2,C:244;P1:71;P2:145;P3:71,163.40,,send,C
send_yes_P3_21,P3,C:245;P1:71;P2:71;P3:145,163.50,,send,C
recv_yes_P1_21,C,C:246;P1:75;P2:71;P3:71,164.00,,receive,P1
recv_yes_P2_21,C,C:247;P1:75;P2:75;P3:71,164.10,,receive,P2
recv_yes_P3_21,C,C:248;P1:75;P2:75;P3:75,164.20,,receive,P3
decide_commit_21,C,C:249;P1:75;P2:75;P3:75,164.50,committed,local,
commit_cmd_P1_21,C,C:250;P1:75;P2:75;P3:75,164.70,,send,P1
commit_cmd_P2_21,C,C:251;P1:75;P2:75;P3:75,164.80,,send,P2
commit_cmd_P3_21,C,C:252;P1:75;P2:75;P3:75,164.90,,send,P3
recv_commit_P1_21,P1,C:250;P1:146;P2:75;P3:75,165.50,,receive,C
recv_commit_P2_21,P2,C:251;P1:75;P2:146;P3:75,165.60,,receive,C
recv_commit_P3_21,P3,C:252;P1:75;P2:75;P3:146,165.70,,receive,C
local_commit_P1_21,P1,C:250;P1:147;P2:75;P3:75,166.00,local_commit_P1,local,
local_commit_P2_21,P2,C:251;P1:75;P2:147;P3:75,166.10,local_commit_P2,local,
local_commit_P3_21,P3,C:252;P1:75;P2:75;P3:147,166.20,local_commit_P3,local,
ack_P1_21,P1,C:250;P1:148;P2:75;P3:75,166.50,,send,C
ack_P2_21,P2,C:251;P1:75;P2:148;P3:75,166.60,,send,C
ack_P3_21,P3,C:252;P1:75;P2:75;P3:148,166.70,,send,C
tx_done_21,C,C:253;P1:75;P2:75;P3:75,167.50,,local,
begin_tx_22,C,C:254;P1:75;P2:75;P3:75,169.00,,local,
prepare_P1_22,C,C:255;P1:75;P2:75;P3:75,169.10,,send,P1
prepare_P2_22,C,C:256;P1:75;P2:75;P3:75,169.20,,send,P2
prepare_P3_22,C,C:257;P1:75;P2:75;P3:75,169.30,,send,P3
recv_prep_P1_22,P1,C:255;P1:149;P2:75;P3:75,170.00,,receive,C
recv_prep_P2_22,P2,C:256;P1:75;P2:149;P3:75,170.10,,receive,C
recv_prep_P3_22,P3,C:257;P1:75;P2:75;P3:149,170.20,,receive,C
vote_yes_P2_22,P2,C:256;P1:75;P2:150;P3:75,170.50,vote_yes_P2,local,
vote_yes_P1_22,P1,C:255;P1:150;P2:75;P3:75,170.70,vote_yes_P1,local,
prepared_P1_22,P1,C:255;P1:151;P2:75;P3:75,170.75,prepared_P1,local,
prepared_P2_22,P2,C:256;P1:75;P2:151;P3:75,170.80,prepared_P2,local,
vote_yes_P3_22,P3,C:257;P1:75;P2:75;P3:150,171.00,vote_yes_P3,local,
prepared_P3_22,P3,C:257;P1:75;P2:75;P3:151,171.05,prepared_P3,local,
send_yes_P1_22,P1,C:255;P1:152;P2:75;P3:75,171.30,,send,C
send_yes_P2_22,P2,C:256;P1:75;P2:152;P3:75,171.40,,send,C
send_yes_P3_22,P3,C:257;P1:75;P2:75;P3:152,171.50,,send,C
recv_yes_P1_22,C,C:258;P1:78;P2:75;P3:75,172.00,,receive,P1
recv_yes_P2_22,C,C:259;P1:78;P2:78;P3:75,172.10,,receive,P2
recv_yes_P3_22,C,C:260;P1:78;P2:78;P3:78,172.20,,receive,P3
decide_commit_22,C,C:261;P1:78;P2:78;P3:78,172.50,committed,local,
commit_cmd_P1_22,C,C:262;P1:78;P2:78;P3:78,172.70,,send,P1
commit_cmd_P2_22,C,C:263;P1:78;P2:78;P3:78,172.80,,send,P2
commit_cmd_P3_22,C,C:264;P1:78;P2:78;P3:78,172.90,,send,P3
recv_commit_P1_22,P1,C:262;P1:153;P2:78;P3:78,173.50,,receive,C
recv_commit_P2_22,P2,C:263;P1:78;P2:153;P3:78,173.60,,receive,C
recv_commit_P3_22,P3,C:264;P1:78;P2:78;P3:153,173.70,,receive,C
local_commit_P1_22,P1,C:262;P1:154;P2:78;P3:78,174.00,local_commit_P1,local,
local_commit_P2_22,P2,C:263;P1:78;P2:154;P3:78,174.10,local_commit_P2,local,
local_commit_P3_22,P3,C:264;P1:78;P2:78;P3:154,174.20,local_commit_P3,local,
ack_P1_22,P1,C:262;P1:155;P2:78;P3:78,174.50,,send,C
ack_P2_22,P2,C:263;P1:78;P2:155;P3:78,174.60,,send,C
ack_P3_22,P3,C:264;P1:78;P2:78;P3:155,174.70,,send,C
tx_done_22,C,C:265;P1:78;P2:78;P3:78,175.50,,local,
begin_tx_23,C,C:266;P1:78;P2:78;P3:78,177.00,,local,
prepare_P1_23,C,C:267;P1:78;P2:78;P3:78,177.10,,send,P1
prepare_P2_23,C,C:268;P1:78;P2:78;P3:78,177.20,,send,P2
prepare_P3_23,C,C:269;P1:78;P2:78;P3:78,177.30,,send,P3
recv_prep_P1_23,P1,C:267;P1:156;P2:78;P3:78,178.00,,receive,C
recv_prep_P2_23,P2,C:268;P1:78;P2:156;P3:78,178.10,,receive,C
recv_prep_P3_23,P3,C:269;P1:78;P2:78;P3:156,178.20,,receive,C
vote_yes_P2_23,P2,C:268;P1:78;P2:157;P3:78,178.50,vote_yes_P2,local,
vote_yes_P1_23,P1,C:267;P1:157;P2:78;P3:78,178.70,vote_yes_P1,local,
prepared_P1_23,P1,C:267;P1:158;P2:78;P3:78,178.75,prepared_P1,local,
prepared_P2_23,P2,C:268;P1:78;P2:158;P3:78,178.80,prepared_P2,local,
vote_yes_P3_23,P3,C:269;P1:78;P2:78;P3:157,179.00,vote_yes_P3,local,
prepared_P3_23,P3,C:269;P1:78;P2:78;P3:158,179.05,prepared_P3,local,
send_yes_P1_23,P1,C:267;P1:159;P2:78;P3:78,179.30,,send,C
send_yes_P2_23,P2,C:268;P1:78;P2:159;P3:78,179.40,,send,C
send_yes_P3_23,P3,C:269;P1:78;P2:78;P3:159,179.50,,send,C
recv_yes_P1_23,C,C:270;P1:82;P2:78;P3:78,180.00,,receive,P1
recv_yes_P2_23,C,C:271;P1:82;P2:82;P3:78,180.10,,receive,P2
recv_yes_P3_23,C,C:272;P1:82;P2:82;P3:82,180.20,,receive,P3
decide_commit_23,C,C:273;P1:82;P2:82;P3:82,180.50,committed,local,
commit_cmd_P1_23,C,C:274;P1:82;P2:82;P3:82,180.70,,send,P1
commit_cmd_P2_23,C,C:275;P1:82;P2:82;P3:82,180.80,,send,P2
commit_cmd_P3_23,C,C:276;P1:82;P2:82;P3:82,180.90,,send,P3
recv_commit_P1_23,P1,C:274;P1:160;P2:82;P3:82,181.50,,receive,C
recv_commit_P2_23,P2,C:275;P1:82;P2:160;P3:82,181.60,,receive,C
recv_commit_P3_23,P3,C:276;P1:82;P2:82;P3:160,181.70,,receive,C
local_commit_P1_23,P1,C:274;P1:161;P2:82;P3:82,182.00,local_commit_P1,local,
local_commit_P2_23,P2,C:275;P1:82;P2:161;P3:82,182.10,local_commit_P2,local,
local_commit_P3_23,P3,C:276;P1:82;P2:82;P3:161,182.20,local_commit_P3,local,
ack_P1_23,P1,C:274;P1:162;P2:82;P3:82,182.50,,send,C
ack_P2_23,P2,C:275;P1:82;P2:162;P3:82,182.60,,send,C
ack_P3_23,P3,C:276;P1:82;P2:82;P3:162,182.70,,send,C
tx_done_23,C,C:277;P1:82;P2:82;P3:82,183.50,,local,
begin_tx_24,C,C:278;P1:82;P2:82;P3:82,185.00,,local,
prepare_P1_24,C,C:279;P1:82;P2:82;P3:82,185.10,,send,P1
prepare_P2_24,C,C:280;P1:82;P2:82;P3:82,185.20,,send,P2
prepare_P3_24,C,C:281;P1:82;P2:82;P3:82,185.30,,send,P3
recv_prep_P1_24,P1,C:279;P1:163;P2:82;P3:82,186.00,,receive,C
recv_prep_P2_24,P2,C:280;P1:82;P2:163;P3:82,186.10,,receive,C
recv_prep_P3_24,P3,C:281;P1:82;P2:82;P3:163,186.20,,receive,C
vote_yes_P2_24,P2,C:280;P1:82;P2:164;P3:82,186.50,vote_yes_P2,local,
vote_yes_P1_24,P1,C:279;P1:164;P2:82;P3:82,186.70,vote_yes_P1,local,
prepared_P1_24,P1,C:279;P1:165;P2:82;P3:82,186.75,prepared_P1,local,
prepared_P2_24,P2,C:280;P1:82;P2:165;P3:82,186.80,prepared_P2,local,
vote_yes_P3_24,P3,C:281;P1:82;P2:82;P3:164,187.00,vote_yes_P3,local,
prepared_P3_24,P3,C:281;P1:82;P2:82;P3:165,187.05,prepared_P3,local,
send_yes_P1_24,P1,C:279;P1:166;P2:82;P3:82,187.30,,send,C
send_yes_P2_24,P2,C:280;P1:82;P2:166;P3:82,187.40,,send,C
send_yes_P3_24,P3,C:281;P1:82;P2:82;P3:166,187.50,,send,C
recv_yes_P1_24,C,C:282;P1:85;P2:82;P3:82,188.00,,receive,P1
recv_yes_P2_24,C,C:283;P1:85;P2:85;P3:82,188.10,,receive,P2
recv_yes_P3_24,C,C:284;P1:85;P2:85;P3:85,188.20,,receive,P3
decide_commit_24,C,C:285;P1:85;P2:85;P3:85,188.50,committed,local,
commit_cmd_P1_24,C,C:286;P1:85;P2:85;P3:85,188.70,,send,P1
commit_cmd_P2_24,C,C:287;P1:85;P2:85;P3:85,188.80,,send,P2
commit_cmd_P3_24,C,C:288;P1:85;P2:85;P3:85,188.90,,send,P3
recv_commit_P1_24,P1,C:286;P1:167;P2:85;P3:85,189.50,,receive,C
recv_commit_P2_24,P2,C:287;P1:85;P2:167;P3:85,189.60,,receive,C
recv_commit_P3_24,P3,C:288;P1:85;P2:85;P3:167,189.70,,receive,C
local_commit_P1_24,P1,C:286;P1:168;P2:85;P3:85,190.00,local_commit_P1,local,
local_commit_P2_24,P2,C:287;P1:85;P2:168;P3:85,190.10,local_commit_P2,local,
local_commit_P3_24,P3,C:288;P1:85;P2:85;P3:168,190.20,local_commit_P3,local,
ack_P1_24,P1,C:286;P1:169;P2:85;P3:85,190.50,,send,C
ack_P2_24,P2,C:287;P1:85;P2:169;P3:85,190.60,,send,C
ack_P3_24,P3,C:288;P1:85;P2:85;P3:169,190.70,,send,C
tx_done_24,C,C:289;P1:85;P2:85;P3:85,191.50,,local,
begin_tx_25,C,C:290;P1:85;P2:85;P3:85,193.00,,local,
prepare_P1_25,C,C:291;P1:85;P2:85;P3:85,193.10,,send,P1
prepare_P2_25,C,C:292;P1:85;P2:85;P3:85,193.20,,send,P2
prepare_P3_25,C,C:293;P1:85;P2:85;P3:85,193.30,,send,P3
recv_prep_P1_25,P1,C:291;P1:170;P2:85;P3:85,194.00,,receive,C
recv_prep_P2_25,P2,C:292;P1:85;P2:170;P3:85,194.10,,receive,C
recv_prep_P3_25,P3,C:293;P1:85;P2:85;P3:170,194.20,,receive,C
vote_yes_P2_25,P2,C:292;P1:85;P2:171;P3:85,194.50,vote_yes_P2,local,
vote_yes_P1_25,P1,C:291;P1:171;P2:85;P3:85,194.70,vote_yes_P1,local,
prepared_P1_25,P1,C:291;P1:172;P2:85;P3:85,194.75,prepared_P1,local,
prepared_P2_25,P2,C:292;P1:85;P2:172;P3:85,194.80,prepared_P2,local,
vote_yes_P3_25,P3,C:293;P1:85;P2:85;P3:171,195.00,vote_yes_P3,local,
prepared_P3_25,P3,C:293;P1:85;P2:85;P3:172,195.05,prepared_P3,local,
send_yes_P1_25,P1,C:291;P1:173;P2:85;P3:85,195.30,,send,C
send_yes_P2_25,P2,C:292;P1:85;P2:173;P3:85,195.40,,send,C
send_yes_P3_25,P3,C:293;P1:85;P2:85;P3:173,195.50,,send,C
recv_yes_P1_25,C,C:294;P1:89;P2:85;P3:85,196.00,,receive,P1
recv_yes_P2_25,C,C:295;P1:89;P2:89;P3:85,196.10,,receive,P2
recv_yes_P3_25,C,C:296;P1:89;P2:89;P3:89,196.20,,receive,P3
decide_commit_25,C,C:297;P1:89;P2:89;P3:89,196.50,committed,local,
commit_cmd_P1_25,C,C:298;P1:89;P2:89;P3:89,196.70,,send,P1
commit_cmd_P2_25,C,C:299;P1:89;P2:89;P3:89,196.80,,send,P2
commit_cmd_P3_25,C,C:300;P1:89;P2:89;P3:89,196.90,,send,P3
recv_commit_P1_25,P1,C:298;P1:174;P2:89;P3:89,197.50,,receive,C
recv_commit_P2_25,P2,C:299;P1:89;P2:174;P3:89,197.60,,receive,C
recv_commit_P3_25,P3,C:300;P1:89;P2:89;P3:174,197.70,,receive,C
local_commit_P1_25,P1,C:298;P1:175;P2:89;P3:89,198.00,local_commit_P1,local,
local_commit_P2_25,P2,C:299;P1:89;P2:175;P3:89,198.10,local_commit_P2,local,
local_commit_P3_25,P3,C:300;P1:89;P2:89;P3:175,198.20,local_commit_P3,local,
ack_P1_25,P1,C:298;P1:176;P2:89;P3:89,198.50,,send,C
ack_P2_25,P2,C:299;P1:89;P2:176;P3:89,198.60,,send,C
ack_P3_25,P3,C:300;P1:89;P2:89;P3:176,198.70,,send,C
tx_done_25,C,C:301;P1:89;P2:89;P3:89,199.50,,local,
begin_tx_26,C,C:302;P1:89;P2:89;P3:89,201.00,,local,
prepare_P1_26,C,C:303;P1:89;P2:89;P3:89,201.10,,send,P1
prepare_P2_26,C,C:304;P1:89;P2:89;P3:89,201.20,,send,P2
prepare_P3_26,C,C:305;P1:89;P2:89;P3:89,201.30,,send,P3
recv_prep_P1_26,P1,C:303;P1:177;P2:89;P3:89,202.00,,receive,C
recv_prep_P2_26,P2,C:304;P1:89;P2:177;P3:89,202.10,,receive,C
recv_prep_P3_26,P3,C:305;P1:89;P2:89;P3:177,202.20,,receive,C
vote_yes_P2_26,P2,C:304;P1:89;P2:178;P3:89,202.50,vote_yes_P2,local,
vote_yes_P1_26,P1,C:303;P1:178;P2:89;P3:89,202.70,vote_yes_P1,local,
prepared_P1_26,P1,C:303;P1:179;P2:89;P3:89,202.75,prepared_P1,local,
prepared_P2_26,P2,C:304;P1:89;P2:179;P3:89,202.80,prepared_P2,local,
vote_yes_P3_26,P3,C:305;P1:89;P2:89;P3:178,203.00,vote_yes_P3,local,
prepared_P3_26,P3,C:305;P1:89;P2:89;P3:179,203.05,prepared_P3,local,
send_yes_P1_26,P1,C:303;P1:180;P2:89;P3:89,203.30,,send,C
send_yes_P2_26,P2,C:304;P1:89;P2:180;P3:89,203.40,,send,C
send_yes_P3_26,P3,C:305;P1:89;P2:89;P3:180,203.50,,send,C
recv_yes_P1_26,C,C:306;P1:92;P2:89;P3:89,204.00,,receive,P1
recv_yes_P2_26,C,C:307;P1:92;P2:92;P3:89,204.10,,receive,P2
recv_yes_P3_26,C,C:308;P1:92;P2:92;P3:92,204.20,,receive,P3
decide_commit_26,C,C:309;P1:92;P2:92;P3:92,204.50,committed,local,
commit_cmd_P1_26,C,C:310;P1:92;P2:92;P3:92,204.70,,send,P1
commit_cmd_P2_26,C,C:311;P1:92;P2:92;P3:92,204.80,,send,P2
commit_cmd_P3_26,C,C:312;P1:92;P2:92;P3:92,204.90,,send,P3
recv_commit_P1_26,P1,C:310;P1:181;P2:92;P3:92,205.50,,receive,C
recv_commit_P2_26,P2,C:311;P1:92;P2:181;P3:92,205.60,,receive,C
recv_commit_P3_26,P3,C:312;P1:92;P2:92;P3:181,205.70,,receive,C
local_commit_P1_26,P1,C:310;P1:182;P2:92;P3:92,206.00,local_commit_P1,local,
local_commit_P2_26,P2,C:311;P1:92;P2:182;P3:92,206.10,local_commit_P2,local,
local_commit_P3_26,P3,C:312;P1:92;P2:92;P3:182,206.20,local_commit_P3,local,
ack_P1_26,P1,C:310;P1:183;P2:92;P3:92,206.50,,send,C
ack_P2_26,P2,C:311;P1:92;P2:183;P3:92,206.60,,send,C
ack_P3_26,P3,C:312;P1:92;P2:92;P3:183,206.70,,send,C
tx_done_26,C,C:313;P1:92;P2:92;P3:92,207.50,,local,
begin_tx_27,C,C:314;P1:92;P2:92;P3:92,209.00,,local,
prepare_P1_27,C,C:315;P1:92;P2:92;P3:92,209.10,,send,P1
prepare_P2_27,C,C:316;P1:92;P2:92;P3:92,209.20,,send,P2
prepare_P3_27,C,C:317;P1:92;P2:92;P3:92,209.30,,send,P3
recv_prep_P1_27,P1,C:315;P1:184;P2:92;P3:92,210.00,,receive,C
recv_prep_P2_27,P2,C:316;P1:92;P2:184;P3:92,210.10,,receive,C
recv_prep_P3_27,P3,C:317;P1:92;P2:92;P3:184,210.20,,receive,C
vote_yes_P2_27,P2,C:316;P1:92;P2:185;P3:92,210.50,vote_yes_P2,local,
vote_yes_P1_27,P1,C:315;P1:185;P2:92;P3:92,210.70,vote_yes_P1,local,
prepared_P1_27,P1,C:315;P1:186;P2:92;P3:92,210.75,prepared_P1,local,
prepared_P2_27,P2,C:316;P1:92;P2:186;P3:92,210.80,prepared_P2,local,
vote_yes_P3_27,P3,C:317;P1:92;P2:92;P3:185,211.00,vote_yes_P3,local,
prepared_P3_27,P3,C:317;P1:92;P2:92;P3:186,211.05,prepared_P3,local,
send_yes_P1_27,P1,C:315;P1:187;P2:92;P3:92,211.30,,send,C
send_yes_P2_27,P2,C:316;P1:92;P2:187;P3:92,211.40,,send,C
send_yes_P3_27,P3,C:317;P1:92;P2:92;P3:187,211.50,,send,C
recv_yes_P1_27,C,C:318;P1:96;P2:92;P3:92,212.00,,receive,P1
recv_yes_P2_27,C,C:319;P1:96;P2:96;P3:92,212.10,,receive,P2
recv_yes_P3_27,C,C:320;P1:96;P2:96;P3:96,212.20,,receive,P3
decide_commit_27,C,C:321;P1:96;P2:96;P3:96,212.50,committed,local,
commit_cmd_P1_27,C,C:322;P1:96;P2:96;P3:96,212.70,,send,P1
commit_cmd_P2_27,C,C:323;P1:96;P2:96;P3:96,212.80,,send,P2
commit_cmd_P3_27,C,C:324;P1:96;P2:96;P3:96,212.90,,send,P3
recv_commit_P1_27,P1,C:322;P1:188;P2:96;P3:96,213.50,,receive,C
recv_commit_P2_27,P2,C:323;P1:96;P2:188;P3:96,213.60,,receive,C
recv_commit_P3_27,P3,C:324;P1:96;P2:96;P3:188,213.70,,receive,C
local_commit_P1_27,P1,C:322;P1:189;P2:96;P3:96,214.00,local_commit_P1,local,
local_commit_P2_27,P2,C:323;P1:96;P2:189;P3:96,214.10,local_commit_P2,local,
local_commit_P3_27,P3,C:324;P1:96;P2:96;P3:189,214.20,local_commit_P3,local,
ack_P1_27,P1,C:322;P1:190;P2:96;P3:96,214.50,,send,C
ack_P2_27,P2,C:323;P1:96;P2:190;P3:96,214.60,,send,C
ack_P3_27,P3,C:324;P1:96;P2:96;P3:190,214.70,,send,C
tx_done_27,C,C:325;P1:96;P2:96;P3:96,215.50,,local,
begin_tx_28,C,C:326;P1:96;P2:96;P3:96,217.00,,local,
prepare_P1_28,C,C:327;P1:96;P2:96;P3:96,217.10,,send,P1
prepare_P2_28,C,C:328;P1:96;P2:96;P3:96,217.20,,send,P2
prepare_P3_28,C,C:329;P1:96;P2:96;P3:96,217.30,,send,P3
recv_prep_P1_28,P1,C:327;P1:191;P2:96;P3:96,218.00,,receive,C
recv_prep_P2_28,P2,C:328;P1:96;P2:191;P3:96,218.10,,receive,C
recv_prep_P3_28,P3,C:329;P1:96;P2:96;P3:191,218.20,,receive,C
vote_yes_P2_28,P2,C:328;P1:96;P2:192;P3:96,218.50,vote_yes_P2,local,
vote_yes_P1_28,P1,C:327;P1:192;P2:96;P3:96,218.70,vote_yes_P1,local,
prepared_P1_28,P1,C:327;P1:193;P2:96;P3:96,218.75,prepared_P1,local,
prepared_P2_28,P2,C:328;P1:96;P2:193;P3:96,218.80,prepared_P2,local,
vote_yes_P3_28,P3,C:329;P1:96;P2:96;P3:192,219.00,vote_yes_P3,local,
prepared_P3_28,P3,C:329;P1:96;P2:96;P3:193,219.05,prepared_P3,local,
send_yes_P1_28,P1,C:327;P1:194;P2:96;P3:96,219.30,,send,C
send_yes_P2_28,P2,C:328;P1:96;P2:194;P3:96,219.40,,send,C
send_yes_P3_28,P3,C:329;P1:96;P2:96;P3:194,219.50,,send,C
recv_yes_P1_28,C,C:330;P1:99;P2:96;P3:96,220.00,,receive,P1
recv_yes_P2_28,C,C:331;P1:99;P2:99;P3:96,220.10,,receive,P2
recv_yes_P3_28,C,C:332;P1:99;P2:99;P3:99,220.20,,receive,P3
decide_commit_28,C,C:333;P1:99;P2:99;P3:99,220.50,committed,local,
commit_cmd_P1_28,C,C:334;P1:99;P2:99;P3:99,220.70,,send,P1
commit_cmd_P2_28,C,C:335;P1:99;P2:99;P3:99,220.80,,send,P2
commit_cmd_P3_28,C,C:336;P1:99;P2:99;P3:99,220.90,,send,P3
recv_commit_P1_28,P1,C:334;P1:195;P2:99;P3:99,221.50,,receive,C
recv_commit_P2_28,P2,C:335;P1:99;P2:195;P3:99,221.60,,receive,C
recv_commit_P3_28,P3,C:336;P1:99;P2:99;P3:195,221.70,,receive,C
local_commit_P1_28,P1,C:334;P1:196;P2:99;P3:99,222.00,local_commit_P1,local,
local_commit_P2_28,P2,C:335;P1:99;P2:196;P3:99,222.10,local_commit_P2,local,
local_commit_P3_28,P3,C:336;P1:99;P2:99;P3:196,222.20,local_commit_P3,local,
ack_P1_28,P1,C:334;P1:197;P2:99;P3:99,222.50,,send,C
ack_P2_28,P2,C:335;P1:99;P2:197;P3:99,222.60,,send,C
ack_P3_28,P3,C:336;P1:99;P2:99;P3:197,222.70,,send,C
tx_done_28,C,C:337;P1:99;P2:99;P3:99,223.50,,local,
begin_tx_29,C,C:338;P1:99;P2:99;P3:99,225.00,,local,
prepare_P1_29,C,C:339;P1:99;P2:99;P3:99,225.10,,send,P1
prepare_P2_29,C,C:340;P1:99;P2:99;P3:99,225.20,,send,P2
prepare_P3_29,C,C:341;P1:99;P2:99;P3:99,225.30,,send,P3
recv_prep_P1_29,P1,C:339;P1:198;P2:99;P3:99,226.00,,receive,C
recv_prep_P2_29,P2,C:340;P1:99;P2:198;P3:99,226.10,,receive,C
recv_prep_P3_29,P3,C:341;P1:99;P2:99;P3:198,226.20,,receive,C
vote_yes_P2_29,P2,C:340;P1:99;P2:199;P3:99,226.50,vote_yes_P2,local,
vote_yes_P1_29,P1,C:339;P1:199;P2:99;P3:99,226.70,vote_yes_P1,local,
prepared_P1_29,P1,C:339;P1:200;P2:99;P3:99,226.75,prepared_P1,local,
prepared_P2_29,P2,C:340;P1:99;P2:200;P3:99,226.80,prepared_P2,local,
vote_yes_P3_29,P3,C:341;P1:99;P2:99;P3:199,227.00,vote_yes_P3,local,
prepared_P3_29,P3,C:341;P1:99;P2:99;P3:200,227.05,prepared_P3,local,
send_yes_P1_29,P1,C:339;P1:201;P2:99;P3:99,227.30,,send,C
send_yes_P2_29,P2,C:340;P1:99;P2:201;P3:99,227.40,,send,C
send_yes_P3_29,P3,C:341;P1:99;P2:99;P3:201,227.50,,send,C
recv_yes_P1_29,C,C:342;P1:103;P2:99;P3:99,228.00,,receive,P1
recv_yes_P2_29,C,C:343;P1:103;P2:103;P3:99,228.10,,receive,P2
recv_yes_P3_29,C,C:344;P1:103;P2:103;P3:103,228.20,,receive,P3
decide_commit_29,C,C:345;P1:103;P2:103;P3:103,228.50,committed,local,
commit_cmd_P1_29,C,C:346;P1:103;P2:103;P3:103,228.70,,send,P1
commit_cmd_P2_29,C,C:347;P1:103;P2:103;P3:103,228.80,,send,P2
commit_cmd_P3_29,C,C:348;P1:103;P2:103;P3:103,228.90,,send,P3
recv_commit_P1_29,P1,C:346;P1:202;P2:103;P3:103,229.50,,receive,C
recv_commit_P2_29,P2,C:347;P1:103;P2:202;P3:103,229.60,,receive,C
recv_commit_P3_29,P3,C:348;P1:103;P2:103;P3:202,229.70,,receive,C
local_commit_P1_29,P1,C:346;P1:203;P2:103;P3:103,230.00,local_commit_P1,local,
local_commit_P2_29,P2,C:347;P1:103;P2:203;P3:103,230.10,local_commit_P2,local,
local_commit_P3_29,P3,C:348;P1:103;P2:103;P3:203,230.20,local_commit_P3,local,
ack_P1_29,P1,C:346;P1:204;P2:103;P3:103,230.50,,send,C
ack_P2_29,P2,C:347;P1:103;P2:204;P3:103,230.60,,send,C
ack_P3_29,P3,C:348;P1:103;P2:103;P3:204,230.70,,send,C
tx_done_29,C,C:349;P1:103;P2:103;P3:103,231.50,,local,
begin_tx_30,C,C:350;P1:103;P2:103;P3:103,233.00,,local,
prepare_P1_30,C,C:351;P1:103;P2:103;P3:103,233.10,,send,P1
prepare_P2_30,C,C:352;P1:103;P2:103;P3:103,233.20,,send,P2
prepare_P3_30,C,C:353;P1:103;P2:103;P3:103,233.30,,send,P3
recv_prep_P1_30,P1,C:351;P1:205;P2:103;P3:103,234.00,,receive,C
recv_prep_P2_30,P2,C:352;P1:103;P2:205;P3:103,234.10,,receive,C
recv_prep_P3_30,P3,C:353;P1:103;P2:103;P3:205,234.20,,receive,C
vote_yes_P2_30,P2,C:352;P1:103;P2:206;P3:103,234.50,vote_yes_P2,local,
vote_yes_P1_30,P1,C:351;P1:206;P2:103;P3:103,234.70,vote_yes_P1,local,
prepared_P1_30,P1,C:351;P1:207;P2:103;P3:103,234.75,prepared_P1,local,
prepared_P2_30,P2,C:352;P1:103;P2:207;P3:103,234.80,prepared_P2,local,
vote_yes_P3_30,P3,C:353;P1:103;P2:103;P3:206,235.00,vote_yes_P3,local,
prepared_P3_30,P3,C:353;P1:103;P2:103;P3:207,235.05,prepared_P3,local,
send_yes_P1_30,P1,C:351;P1:208;P2:103;P3:103,235.30,,send,C
send_yes_P2_30,P2,C:352;P1:103;P2:208;P3:103,235.40,,send,C
send_yes_P3_30,P3,C:353;P1:103;P2:103;P3:208,235.50,,send,C
recv_yes_P1_30,C,C:354;P1:106;P2:103;P3:103,236.00,,receive,P1
recv_yes_P2_30,C,C:355;P1:106;P2:106;P3:103,236.10,,receive,P2
recv_yes_P3_30,C,C:356;P1:106;P2:106;P3:106,236.20,,receive,P3
decide_commit_30,C,C:357;P1:106;P2:106;P3:106,236.50,committed,local,
commit_cmd_P1_30,C,C:358;P1:106;P2:106;P3:106,236.70,,send,P1
commit_cmd_P2_30,C,C:359;P1:106;P2:106;P3:106,236.80,,send,P2
commit_cmd_P3_30,C,C:360;P1:106;P2:106;P3:106,236.90,,send,P3
recv_commit_P1_30,P1,C:358;P1:209;P2:106;P3:106,237.50,,receive,C
recv_commit_P2_30,P2,C:359;P1:106;P2:209;P3:106,237.60,,receive,C
recv_commit_P3_30,P3,C:360;P1:106;P2:106;P3:209,237.70,,receive,C
local_commit_P1_30,P1,C:358;P1:210;P2:106;P3:106,238.00,local_commit_P1,local,
local_commit_P2_30,P2,C:359;P1:106;P2:210;P3:106,238.10,local_commit_P2,local,
local_commit_P3_30,P3,C:360;P1:106;P2:106;P3:210,238.20,local_commit_P3,local,
ack_P1_30,P1,C:358;P1:211;P2:106;P3:106,238.50,,send,C
ack_P2_30,P2,C:359;P1:106;P2:211;P3:106,238.60,,send,C
ack_P3_30,P3,C:360;P1:106;P2:106;P3:211,238.70,,send,C
tx_done_30,C,C:361;P1:106;P2:106;P3:106,239.50,,local,
begin_tx_31,C,C:362;P1:106;P2:106;P3:106,241.00,,local,
prepare_P1_31,C,C:363;P1:106;P2:106;P3:106,241.10,,send,P1
prepare_P2_31,C,C:364;P1:106;P2:106;P3:106,241.20,,send,P2
prepare_P3_31,C,C:365;P1:106;P2:106;P3:106,241.30,,send,P3
recv_prep_P1_31,P1,C:363;P1:212;P2:106;P3:106,242.00,,receive,C
recv_prep_P2_31,P2,C:364;P1:106;P2:212;P3:106,242.10,,receive,C
