# Drone swarm trace: 3 drones, 1002 events
# system_processes: Drone1|Drone2|Drone3
eid,processes,vc,timestamp,props,event_type,msg_partner
init_Drone1,Drone1,Drone1:1;Drone2:0;Drone3:0,0.0,idle,local,
init_Drone2,Drone2,Drone1:0;Drone2:1;Drone3:0,0.0,idle,local,
init_Drone3,Drone3,Drone1:0;Drone2:0;Drone3:1,0.0,idle,local,
Drone3_e2,Drone3,Drone1:0;Drone2:0;Drone3:2,0.1112,idle,send,Drone2
Drone1_e2,Drone1,Drone1:2;Drone2:0;Drone3:0,0.2192,idle,local,
Drone3_e3,Drone3,Drone1:0;Drone2:0;Drone3:3,0.1692,idle,send,Drone2
Drone1_e3,Drone1,Drone1:3;Drone2:0;Drone3:0,0.4095,idle,send,Drone2
Drone3_e4,Drone3,Drone1:0;Drone2:0;Drone3:4,0.3554,idle,local,
Drone1_e4,Drone1,Drone1:4;Drone2:0;Drone3:0,0.5290,idle,local,
Drone1_e5,Drone1,Drone1:5;Drone2:0;Drone3:0,0.6189,idle,local,
Drone2_e2,Drone2,Drone1:0;Drone2:2;Drone3:2,0.2151,idle,receive,Drone3
Drone2_e3,Drone2,Drone1:3;Drone2:3;Drone3:2,0.4837,idle,receive,Drone1
Drone2_e4,Drone2,Drone1:3;Drone2:4;Drone3:2,0.7354,idle,local,
Drone3_e5,Drone3,Drone1:0;Drone2:0;Drone3:5,0.4366,idle,local,
Drone2_e5,Drone2,Drone1:3;Drone2:5;Drone3:3,0.9928,idle,receive,Drone3
Drone3_e6,Drone3,Drone1:0;Drone2:0;Drone3:6,0.5770,idle,local,
Drone1_e6,Drone1,Drone1:6;Drone2:0;Drone3:0,0.6804,idle,local,
Drone1_e7,Drone1,Drone1:7;Drone2:0;Drone3:0,0.9767,idle,local,
Drone1_e8,Drone1,Drone1:8;Drone2:0;Drone3:0,1.1217,idle,local,
Drone2_e6,Drone2,Drone1:3;Drone2:6;Drone3:3,1.1340,idle,local,
Drone2_e7,Drone2,Drone1:3;Drone2:7;Drone3:3,1.3516,idle,local,
Drone3_e7,Drone3,Drone1:0;Drone2:0;Drone3:7,0.7890,idle,local,
Drone3_e8,Drone3,Drone1:0;Drone2:0;Drone3:8,0.9726,idle,local,
Drone1_e9,Drone1,Drone1:9;Drone2:0;Drone3:0,1.2392,idle,send,Drone3
Drone3_e9,Drone3,Drone1:0;Drone2:0;Drone3:9,1.0775,idle,local,
Drone2_e8,Drone2,Drone1:3;Drone2:8;Drone3:3,1.5956,idle,local,
Drone1_e10,Drone1,Drone1:10;Drone2:0;Drone3:0,1.4905,idle,local,
Drone2_e9,Drone2,Drone1:3;Drone2:9;Drone3:3,1.8738,idle,send,Drone1
Drone3_e10,Drone3,Drone1:0;Drone2:0;Drone3:10,1.2061,idle,local,
Drone3_e11,Drone3,Drone1:0;Drone2:0;Drone3:11,1.4773,idle,local,
Drone3_e12,Drone3,Drone1:0;Drone2:0;Drone3:12,1.5935,scanning,local,
Drone1_e11,Drone1,Drone1:11;Drone2:0;Drone3:0,1.6752,idle,local,
Drone3_e13,Drone3,Drone1:0;Drone2:0;Drone3:13,1.8680,scanning,local,
Drone2_e10,Drone2,Drone1:3;Drone2:10;Drone3:3,2.1732,idle,local,
Drone1_e12,Drone1,Drone1:12;Drone2:0;Drone3:0,1.7480,scanning,local,
Drone1_e13,Drone1,Drone1:13;Drone2:0;Drone3:0,1.8362,scanning,local,
Drone1_e14,Drone1,Drone1:14;Drone2:0;Drone3:0,1.9917,scanning,local,
Drone1_e15,Drone1,Drone1:15;Drone2:9;Drone3:3,2.1740,scanning,receive,Drone2
Drone3_e14,Drone3,Drone1:0;Drone2:0;Drone3:14,1.9209,scanning,local,
Drone3_e15,Drone3,Drone1:9;Drone2:0;Drone3:15,2.1630,scanning,receive,Drone1
Drone2_e11,Drone2,Drone1:3;Drone2:11;Drone3:3,2.2627,idle,send,Drone3
Drone1_e16,Drone1,Drone1:16;Drone2:9;Drone3:3,2.4430,scanning,local,
Drone2_e12,Drone2,Drone1:3;Drone2:12;Drone3:3,2.5032,scanning,local,
Drone3_e16,Drone3,Drone1:9;Drone2:0;Drone3:16,2.4306,scanning,local,
Drone2_e13,Drone2,Drone1:3;Drone2:13;Drone3:3,2.6801,scanning,local,
Drone1_e17,Drone1,Drone1:17;Drone2:9;Drone3:3,2.6278,scanning,send,Drone2
Drone3_e17,Drone3,Drone1:9;Drone2:0;Drone3:17,2.6304,scanning,local,
Drone2_e14,Drone2,Drone1:17;Drone2:14;Drone3:3,2.9498,scanning,receive,Drone1
Drone2_e15,Drone2,Drone1:17;Drone2:15;Drone3:3,3.2193,scanning,send,Drone1
Drone1_e18,Drone1,Drone1:18;Drone2:15;Drone3:3,3.4733,scanning,receive,Drone2
Drone3_e18,Drone3,Drone1:9;Drone2:0;Drone3:18,2.7125,scanning,local,
Drone2_e16,Drone2,Drone1:17;Drone2:16;Drone3:3,3.3106,scanning,local,
Drone3_e19,Drone3,Drone1:9;Drone2:0;Drone3:19,2.8683,scanning,local,
Drone1_e19,Drone1,Drone1:19;Drone2:15;Drone3:3,3.7121,scanning,local,
Drone3_e20,Drone3,Drone1:9;Drone2:11;Drone3:20,3.0180,scanning,receive,Drone2
Drone3_e21,Drone3,Drone1:9;Drone2:11;Drone3:21,3.1775,scanning,local,
Drone3_e22,Drone3,Drone1:9;Drone2:11;Drone3:22,3.2895,target_found,local,
Drone1_e20,Drone1,Drone1:20;Drone2:15;Drone3:3,3.9092,scanning,local,
Drone1_e21,Drone1,Drone1:21;Drone2:15;Drone3:3,3.9610,scanning,local,
Drone3_e23,Drone3,Drone1:9;Drone2:11;Drone3:23,3.3967,target_found,local,
Drone1_e22,Drone1,Drone1:22;Drone2:15;Drone3:3,4.0287,target_found,local,
Drone1_e23,Drone1,Drone1:23;Drone2:15;Drone3:3,4.1323,target_found,send,Drone3
Drone1_e24,Drone1,Drone1:24;Drone2:15;Drone3:3,4.4029,target_found,local,
Drone3_e24,Drone3,Drone1:9;Drone2:11;Drone3:24,3.6429,target_found,local,
Drone2_e17,Drone2,Drone1:17;Drone2:17;Drone3:3,3.5253,scanning,send,Drone1
Drone2_e18,Drone2,Drone1:17;Drone2:18;Drone3:3,3.6921,scanning,local,
Drone3_e25,Drone3,Drone1:23;Drone2:15;Drone3:25,4.1974,target_found,receive,Drone1
Drone3_e26,Drone3,Drone1:23;Drone2:15;Drone3:26,4.4628,target_found,local,
Drone1_e25,Drone1,Drone1:25;Drone2:17;Drone3:3,4.4879,target_found,receive,Drone2
Drone1_e26,Drone1,Drone1:26;Drone2:17;Drone3:3,4.7565,target_found,send,Drone2
Drone1_e27,Drone1,Drone1:27;Drone2:17;Drone3:3,5.0219,target_found,local,
Drone3_e27,Drone3,Drone1:23;Drone2:15;Drone3:27,4.7551,target_found,send,Drone1
Drone1_e28,Drone1,Drone1:28;Drone2:17;Drone3:27,5.1922,target_found,receive,Drone3
Drone2_e19,Drone2,Drone1:17;Drone2:19;Drone3:3,3.7832,scanning,local,
Drone1_e29,Drone1,Drone1:29;Drone2:17;Drone3:27,5.3085,target_found,local,
Drone2_e20,Drone2,Drone1:26;Drone2:20;Drone3:3,4.8452,scanning,receive,Drone1
Drone2_e21,Drone2,Drone1:26;Drone2:21;Drone3:3,5.0400,scanning,send,Drone1
Drone3_e28,Drone3,Drone1:23;Drone2:15;Drone3:28,4.8194,target_found,send,Drone2
Drone3_e29,Drone3,Drone1:23;Drone2:15;Drone3:29,5.0992,target_found,local,
Drone3_e30,Drone3,Drone1:23;Drone2:15;Drone3:30,5.3621,target_found,send,Drone1
Drone1_e30,Drone1,Drone1:30;Drone2:17;Drone3:27,5.5273,target_found,local,
Drone1_e31,Drone1,Drone1:31;Drone2:17;Drone3:27,5.8127,target_found,local,
Drone3_e31,Drone3,Drone1:23;Drone2:15;Drone3:31,5.5669,target_found,send,Drone1
Drone2_e22,Drone2,Drone1:26;Drone2:22;Drone3:3,5.2313,target_found,local,
Drone2_e23,Drone2,Drone1:26;Drone2:23;Drone3:3,5.3324,target_found,local,
Drone3_e32,Drone3,Drone1:23;Drone2:15;Drone3:32,5.6833,position_measured,local,
Drone1_e32,Drone1,Drone1:32;Drone2:17;Drone3:27,5.9377,position_measured,local,
Drone2_e24,Drone2,Drone1:26;Drone2:24;Drone3:3,5.6163,target_found,local,
Drone1_e33,Drone1,Drone1:33;Drone2:17;Drone3:27,6.2373,position_measured,local,
Drone1_e34,Drone1,Drone1:34;Drone2:21;Drone3:27,6.4138,position_measured,receive,Drone2
Drone1_e35,Drone1,Drone1:35;Drone2:21;Drone3:27,6.6840,position_measured,local,
Drone1_e36,Drone1,Drone1:36;Drone2:21;Drone3:30,6.8436,position_measured,receive,Drone3
Drone3_e33,Drone3,Drone1:23;Drone2:15;Drone3:33,5.8862,position_measured,local,
Drone3_e34,Drone3,Drone1:23;Drone2:15;Drone3:34,6.1032,position_measured,local,
Drone3_e35,Drone3,Drone1:23;Drone2:15;Drone3:35,6.3879,position_measured,send,Drone1
Drone1_e37,Drone1,Drone1:37;Drone2:21;Drone3:31,7.0792,position_measured,receive,Drone3
Drone1_e38,Drone1,Drone1:38;Drone2:21;Drone3:35,7.3086,position_measured,receive,Drone3
Drone1_e39,Drone1,Drone1:39;Drone2:21;Drone3:35,7.5718,position_measured,local,
Drone3_e36,Drone3,Drone1:23;Drone2:15;Drone3:36,6.6643,position_measured,local,
Drone1_e40,Drone1,Drone1:40;Drone2:21;Drone3:35,7.8291,position_measured,send,Drone3
Drone1_e41,Drone1,Drone1:41;Drone2:21;Drone3:35,8.0384,position_measured,send,Drone2
Drone2_e25,Drone2,Drone1:41;Drone2:25;Drone3:35,8.2263,target_found,receive,Drone1
Drone2_e26,Drone2,Drone1:41;Drone2:26;Drone3:35,8.3043,target_found,local,
Drone3_e37,Drone3,Drone1:23;Drone2:15;Drone3:37,6.8507,position_measured,local,
Drone2_e27,Drone2,Drone1:41;Drone2:27;Drone3:35,8.3913,target_found,local,
Drone1_e42,Drone1,Drone1:42;Drone2:21;Drone3:35,8.3131,position_sent,send,Drone3
Drone1_e43,Drone1,Drone1:43;Drone2:21;Drone3:35,8.4157,position_sent,local,
Drone1_e44,Drone1,Drone1:44;Drone2:21;Drone3:35,8.5541,position_sent,local,
Drone3_e38,Drone3,Drone1:23;Drone2:15;Drone3:38,7.0023,position_measured,local,
Drone3_e39,Drone3,Drone1:23;Drone2:15;Drone3:39,7.2837,position_measured,local,
Drone1_e45,Drone1,Drone1:45;Drone2:21;Drone3:35,8.8481,position_sent,local,
Drone1_e46,Drone1,Drone1:46;Drone2:21;Drone3:35,8.9043,position_sent,local,
Drone3_e40,Drone3,Drone1:23;Drone2:15;Drone3:40,7.5293,position_measured,local,
Drone2_e28,Drone2,Drone1:41;Drone2:28;Drone3:35,8.6573,target_found,local,
Drone1_e47,Drone1,Drone1:47;Drone2:21;Drone3:35,9.0500,position_sent,send,Drone2
Drone1_e48,Drone1,Drone1:48;Drone2:21;Drone3:35,9.1556,position_sent,local,
Drone2_e29,Drone2,Drone1:41;Drone2:29;Drone3:35,8.7631,target_found,receive,Drone3
Drone3_e41,Drone3,Drone1:40;Drone2:21;Drone3:41,7.9488,position_measured,receive,Drone1
Drone1_e49,Drone1,Drone1:49;Drone2:21;Drone3:35,9.2754,position_sent,local,
Drone3_e42,Drone3,Drone1:40;Drone2:21;Drone3:42,8.1687,position_sent,local,
Drone3_e43,Drone3,Drone1:42;Drone2:21;Drone3:43,8.3920,position_sent,receive,Drone1
Drone2_e30,Drone2,Drone1:47;Drone2:30;Drone3:35,9.1095,target_found,receive,Drone1
Drone3_e44,Drone3,Drone1:42;Drone2:21;Drone3:44,8.6241,position_sent,local,
Drone2_e31,Drone2,Drone1:47;Drone2:31;Drone3:35,9.4056,target_found,local,
Drone1_e50,Drone1,Drone1:50;Drone2:21;Drone3:35,9.4695,position_sent,local,
Drone2_e32,Drone2,Drone1:47;Drone2:32;Drone3:35,9.4560,position_measured,send,Drone3
Drone3_e45,Drone3,Drone1:42;Drone2:21;Drone3:45,8.9092,position_sent,local,
Drone3_e46,Drone3,Drone1:42;Drone2:21;Drone3:46,9.0502,position_sent,local,
Drone1_e51,Drone1,Drone1:51;Drone2:21;Drone3:35,9.7497,position_sent,local,
Drone3_e47,Drone3,Drone1:47;Drone2:32;Drone3:47,9.6860,position_sent,receive,Drone2
Drone2_e33,Drone2,Drone1:47;Drone2:33;Drone3:35,9.6727,position_measured,local,
Drone2_e34,Drone2,Drone1:47;Drone2:34;Drone3:35,9.7967,position_measured,local,
Drone1_e52,Drone1,Drone1:52;Drone2:21;Drone3:35,9.9690,processing,send,Drone3
Drone1_e53,Drone1,Drone1:53;Drone2:21;Drone3:35,10.0943,processing,local,
Drone3_e48,Drone3,Drone1:47;Drone2:32;Drone3:48,9.8119,position_sent,local,
Drone1_e54,Drone1,Drone1:54;Drone2:21;Drone3:35,10.2893,processing,local,
Drone3_e49,Drone3,Drone1:52;Drone2:32;Drone3:49,10.1296,position_sent,receive,Drone1
Drone1_e55,Drone1,Drone1:55;Drone2:21;Drone3:35,10.5377,processing,local,
Drone3_e50,Drone3,Drone1:52;Drone2:32;Drone3:50,10.2505,position_sent,send,Drone1
Drone3_e51,Drone3,Drone1:52;Drone2:32;Drone3:51,10.3843,position_sent,local,
Drone1_e56,Drone1,Drone1:56;Drone2:21;Drone3:35,10.6439,processing,local,
Drone1_e57,Drone1,Drone1:57;Drone2:32;Drone3:50,10.7551,processing,receive,Drone3
Drone2_e35,Drone2,Drone1:47;Drone2:35;Drone3:35,10.0388,position_measured,local,
Drone2_e36,Drone2,Drone1:47;Drone2:36;Drone3:35,10.2462,position_measured,local,
Drone1_e58,Drone1,Drone1:58;Drone2:32;Drone3:50,10.9011,processing,local,
Drone2_e37,Drone2,Drone1:47;Drone2:37;Drone3:35,10.5194,position_measured,send,Drone1
Drone1_e59,Drone1,Drone1:59;Drone2:32;Drone3:50,11.0058,processing,local,
Drone3_e52,Drone3,Drone1:52;Drone2:32;Drone3:52,10.4469,processing,local,
Drone1_e60,Drone1,Drone1:60;Drone2:32;Drone3:50,11.0861,processing,local,
Drone1_e61,Drone1,Drone1:61;Drone2:32;Drone3:50,11.3030,processing,local,
Drone3_e53,Drone3,Drone1:52;Drone2:32;Drone3:53,10.7344,processing,local,
Drone2_e38,Drone2,Drone1:47;Drone2:38;Drone3:35,10.7492,position_measured,local,
Drone3_e54,Drone3,Drone1:52;Drone2:32;Drone3:54,11.0111,processing,local,
Drone2_e39,Drone2,Drone1:47;Drone2:39;Drone3:35,10.9851,position_measured,local,
Drone2_e40,Drone2,Drone1:47;Drone2:40;Drone3:35,11.2231,position_measured,local,
Drone3_e55,Drone3,Drone1:52;Drone2:32;Drone3:55,11.2178,processing,send,Drone2
Drone2_e41,Drone2,Drone1:47;Drone2:41;Drone3:35,11.4514,position_measured,local,
Drone1_e62,Drone1,Drone1:62;Drone2:37;Drone3:50,11.5763,relative_computed,receive,Drone2
Drone1_e63,Drone1,Drone1:63;Drone2:37;Drone3:50,11.7220,relative_computed,send,Drone2
Drone1_e64,Drone1,Drone1:64;Drone2:37;Drone3:50,11.7881,relative_computed,local,
Drone2_e42,Drone2,Drone1:63;Drone2:42;Drone3:50,11.8760,position_sent,receive,Drone1
Drone1_e65,Drone1,Drone1:65;Drone2:37;Drone3:50,11.9355,relative_computed,local,
Drone3_e56,Drone3,Drone1:52;Drone2:32;Drone3:56,11.2727,processing,local,
Drone3_e57,Drone3,Drone1:52;Drone2:32;Drone3:57,11.3241,processing,local,
Drone2_e43,Drone2,Drone1:63;Drone2:43;Drone3:55,12.1393,position_sent,receive,Drone3
Drone2_e44,Drone2,Drone1:63;Drone2:44;Drone3:55,12.3730,position_sent,local,
Drone3_e58,Drone3,Drone1:52;Drone2:32;Drone3:58,11.4962,processing,local,
Drone2_e45,Drone2,Drone1:63;Drone2:45;Drone3:55,12.4302,position_sent,local,
Drone2_e46,Drone2,Drone1:63;Drone2:46;Drone3:55,12.6798,position_sent,local,
Drone3_e59,Drone3,Drone1:52;Drone2:32;Drone3:59,11.7761,processing,send,Drone2
Drone3_e60,Drone3,Drone1:52;Drone2:32;Drone3:60,12.0528,processing,local,
Drone3_e61,Drone3,Drone1:52;Drone2:32;Drone3:61,12.1096,processing,local,
Drone3_e62,Drone3,Drone1:52;Drone2:32;Drone3:62,12.3763,relative_computed,local,
Drone1_e66,Drone1,Drone1:66;Drone2:37;Drone3:50,12.0673,relative_computed,send,Drone3
Drone2_e47,Drone2,Drone1:63;Drone2:47;Drone3:59,12.7993,position_sent,receive,Drone3
Drone2_e48,Drone2,Drone1:63;Drone2:48;Drone3:59,12.9669,position_sent,send,Drone1
Drone3_e63,Drone3,Drone1:52;Drone2:32;Drone3:63,12.6763,relative_computed,local,
Drone2_e49,Drone2,Drone1:63;Drone2:49;Drone3:59,13.2122,position_sent,send,Drone1
Drone3_e64,Drone3,Drone1:66;Drone2:37;Drone3:64,12.9637,relative_computed,receive,Drone1
Drone1_e67,Drone1,Drone1:67;Drone2:37;Drone3:50,12.2726,relative_computed,local,
Drone1_e68,Drone1,Drone1:68;Drone2:48;Drone3:59,13.1579,relative_computed,receive,Drone2
Drone1_e69,Drone1,Drone1:69;Drone2:48;Drone3:59,13.2720,relative_computed,local,
Drone2_e50,Drone2,Drone1:63;Drone2:50;Drone3:59,13.4567,position_sent,send,Drone1
Drone1_e70,Drone1,Drone1:70;Drone2:48;Drone3:59,13.3490,relative_computed,local,
Drone1_e71,Drone1,Drone1:71;Drone2:48;Drone3:59,13.5429,relative_computed,local,
Drone2_e51,Drone2,Drone1:63;Drone2:51;Drone3:59,13.6854,position_sent,local,
Drone1_e72,Drone1,Drone1:72;Drone2:48;Drone3:59,13.8006,formation_hold,local,
Drone1_e73,Drone1,Drone1:73;Drone2:49;Drone3:59,14.0632,formation_hold,receive,Drone2
Drone3_e65,Drone3,Drone1:66;Drone2:37;Drone3:65,13.2127,relative_computed,local,
Drone3_e66,Drone3,Drone1:66;Drone2:37;Drone3:66,13.3495,relative_computed,local,
Drone2_e52,Drone2,Drone1:63;Drone2:52;Drone3:59,13.7527,processing,local,
Drone3_e67,Drone3,Drone1:66;Drone2:37;Drone3:67,13.6119,relative_computed,local,
Drone2_e53,Drone2,Drone1:63;Drone2:53;Drone3:59,13.9616,processing,send,Drone3
Drone2_e54,Drone2,Drone1:63;Drone2:54;Drone3:59,14.1204,processing,local,
Drone3_e68,Drone3,Drone1:66;Drone2:37;Drone3:68,13.8245,relative_computed,local,
Drone3_e69,Drone3,Drone1:66;Drone2:37;Drone3:69,14.0091,relative_computed,local,
Drone2_e55,Drone2,Drone1:63;Drone2:55;Drone3:59,14.3769,processing,local,
Drone3_e70,Drone3,Drone1:66;Drone2:53;Drone3:70,14.2668,relative_computed,receive,Drone2
Drone1_e74,Drone1,Drone1:74;Drone2:50;Drone3:59,14.1741,formation_hold,receive,Drone2
Drone2_e56,Drone2,Drone1:63;Drone2:56;Drone3:59,14.5939,processing,local,
Drone2_e57,Drone2,Drone1:63;Drone2:57;Drone3:59,14.6894,processing,send,Drone3
Drone1_e75,Drone1,Drone1:75;Drone2:50;Drone3:59,14.2887,formation_hold,local,
Drone2_e58,Drone2,Drone1:63;Drone2:58;Drone3:59,14.9147,processing,local,
Drone2_e59,Drone2,Drone1:63;Drone2:59;Drone3:59,15.0938,processing,local,
Drone1_e76,Drone1,Drone1:76;Drone2:50;Drone3:59,14.4609,formation_hold,send,Drone3
Drone1_e77,Drone1,Drone1:77;Drone2:50;Drone3:59,14.6723,formation_hold,local,
Drone2_e60,Drone2,Drone1:63;Drone2:60;Drone3:59,15.1481,processing,local,
Drone2_e61,Drone2,Drone1:63;Drone2:61;Drone3:59,15.2747,processing,send,Drone1
Drone3_e71,Drone3,Drone1:66;Drone2:57;Drone3:71,14.8458,relative_computed,receive,Drone2
Drone3_e72,Drone3,Drone1:66;Drone2:57;Drone3:72,14.9837,formation_hold,local,
Drone2_e62,Drone2,Drone1:63;Drone2:62;Drone3:59,15.3823,relative_computed,send,Drone3
Drone3_e73,Drone3,Drone1:76;Drone2:57;Drone3:73,15.2194,formation_hold,receive,Drone1
Drone3_e74,Drone3,Drone1:76;Drone2:62;Drone3:74,15.6170,formation_hold,receive,Drone2
Drone2_e63,Drone2,Drone1:63;Drone2:63;Drone3:59,15.6765,relative_computed,local,
Drone3_e75,Drone3,Drone1:76;Drone2:62;Drone3:75,15.9121,formation_hold,local,
Drone1_e78,Drone1,Drone1:78;Drone2:61;Drone3:59,15.3696,formation_hold,receive,Drone2
Drone1_e79,Drone1,Drone1:79;Drone2:61;Drone3:59,15.4512,formation_hold,local,
Drone1_e80,Drone1,Drone1:80;Drone2:61;Drone3:59,15.6395,formation_hold,local,
Drone3_e76,Drone3,Drone1:76;Drone2:62;Drone3:76,16.1216,formation_hold,local,
Drone2_e64,Drone2,Drone1:63;Drone2:64;Drone3:59,15.8700,relative_computed,send,Drone1
Drone2_e65,Drone2,Drone1:63;Drone2:65;Drone3:59,16.0052,relative_computed,local,
Drone1_e81,Drone1,Drone1:81;Drone2:64;Drone3:59,15.9485,formation_hold,receive,Drone2
Drone1_e82,Drone1,Drone1:82;Drone2:64;Drone3:59,16.0170,idle,local,
Drone3_e77,Drone3,Drone1:76;Drone2:62;Drone3:77,16.2095,formation_hold,local,
Drone3_e78,Drone3,Drone1:76;Drone2:62;Drone3:78,16.2808,formation_hold,local,
Drone1_e83,Drone1,Drone1:83;Drone2:64;Drone3:59,16.2186,idle,send,Drone3
Drone3_e79,Drone3,Drone1:83;Drone2:64;Drone3:79,16.4434,formation_hold,receive,Drone1
Drone2_e66,Drone2,Drone1:63;Drone2:66;Drone3:59,16.1315,relative_computed,send,Drone3
Drone3_e80,Drone3,Drone1:83;Drone2:66;Drone3:80,16.7303,formation_hold,receive,Drone2
Drone1_e84,Drone1,Drone1:84;Drone2:64;Drone3:59,16.3348,idle,local,
Drone1_e85,Drone1,Drone1:85;Drone2:64;Drone3:59,16.5228,idle,send,Drone2
Drone1_e86,Drone1,Drone1:86;Drone2:64;Drone3:59,16.7451,idle,send,Drone3
Drone2_e67,Drone2,Drone1:85;Drone2:67;Drone3:59,16.6448,relative_computed,receive,Drone1
Drone2_e68,Drone2,Drone1:85;Drone2:68;Drone3:59,16.8083,relative_computed,local,
Drone3_e81,Drone3,Drone1:86;Drone2:66;Drone3:81,16.9921,formation_hold,receive,Drone1
Drone3_e82,Drone3,Drone1:86;Drone2:66;Drone3:82,17.2431,idle,local,
Drone1_e87,Drone1,Drone1:87;Drone2:64;Drone3:59,16.9313,idle,local,
Drone3_e83,Drone3,Drone1:86;Drone2:66;Drone3:83,17.4997,idle,send,Drone2
Drone1_e88,Drone1,Drone1:88;Drone2:64;Drone3:59,17.1300,idle,send,Drone3
Drone3_e84,Drone3,Drone1:86;Drone2:66;Drone3:84,17.6595,idle,local,
Drone2_e69,Drone2,Drone1:85;Drone2:69;Drone3:59,17.0332,relative_computed,local,
Drone2_e70,Drone2,Drone1:85;Drone2:70;Drone3:59,17.2067,relative_computed,local,
Drone1_e89,Drone1,Drone1:89;Drone2:64;Drone3:59,17.4024,idle,local,
Drone3_e85,Drone3,Drone1:88;Drone2:66;Drone3:85,17.7160,idle,receive,Drone1
Drone1_e90,Drone1,Drone1:90;Drone2:64;Drone3:59,17.6614,idle,local,
Drone3_e86,Drone3,Drone1:88;Drone2:66;Drone3:86,17.7712,idle,local,
Drone3_e87,Drone3,Drone1:88;Drone2:66;Drone3:87,17.9652,idle,local,
Drone1_e91,Drone1,Drone1:91;Drone2:64;Drone3:59,17.8742,idle,local,
Drone2_e71,Drone2,Drone1:86;Drone2:71;Drone3:83,17.7084,relative_computed,receive,Drone3
Drone2_e72,Drone2,Drone1:86;Drone2:72;Drone3:83,17.8759,formation_hold,local,
Drone2_e73,Drone2,Drone1:86;Drone2:73;Drone3:83,18.0934,formation_hold,local,
Drone1_e92,Drone1,Drone1:92;Drone2:64;Drone3:59,18.0977,scanning,local,
Drone2_e74,Drone2,Drone1:86;Drone2:74;Drone3:83,18.2436,formation_hold,local,
Drone3_e88,Drone3,Drone1:88;Drone2:66;Drone3:88,18.0938,idle,send,Drone1
Drone2_e75,Drone2,Drone1:86;Drone2:75;Drone3:83,18.5098,formation_hold,send,Drone3
Drone1_e93,Drone1,Drone1:93;Drone2:64;Drone3:59,18.2833,scanning,local,
Drone2_e76,Drone2,Drone1:86;Drone2:76;Drone3:83,18.7154,formation_hold,send,Drone3
Drone2_e77,Drone2,Drone1:86;Drone2:77;Drone3:83,18.9554,formation_hold,local,
Drone1_e94,Drone1,Drone1:94;Drone2:66;Drone3:88,18.5652,scanning,receive,Drone3
Drone2_e78,Drone2,Drone1:86;Drone2:78;Drone3:83,19.1266,formation_hold,local,
Drone1_e95,Drone1,Drone1:95;Drone2:66;Drone3:88,18.7674,scanning,local,
Drone1_e96,Drone1,Drone1:96;Drone2:66;Drone3:88,18.8951,scanning,local,
Drone1_e97,Drone1,Drone1:97;Drone2:66;Drone3:88,18.9684,scanning,local,
Drone1_e98,Drone1,Drone1:98;Drone2:66;Drone3:88,19.0478,scanning,local,
Drone1_e99,Drone1,Drone1:99;Drone2:66;Drone3:88,19.2770,scanning,local,
Drone3_e89,Drone3,Drone1:88;Drone2:66;Drone3:89,18.2477,idle,local,
Drone2_e79,Drone2,Drone1:86;Drone2:79;Drone3:83,19.2376,formation_hold,local,
Drone3_e90,Drone3,Drone1:88;Drone2:75;Drone3:90,18.7903,idle,receive,Drone2
Drone3_e91,Drone3,Drone1:88;Drone2:75;Drone3:91,18.8744,idle,local,
Drone1_e100,Drone1,Drone1:100;Drone2:66;Drone3:88,19.4119,scanning,send,Drone3
Drone3_e92,Drone3,Drone1:100;Drone2:75;Drone3:92,19.5326,scanning,receive,Drone1
Drone2_e80,Drone2,Drone1:86;Drone2:80;Drone3:83,19.4325,formation_hold,local,
Drone3_e93,Drone3,Drone1:100;Drone2:75;Drone3:93,19.6198,scanning,local,
Drone3_e94,Drone3,Drone1:100;Drone2:75;Drone3:94,19.7529,scanning,local,
Drone3_e95,Drone3,Drone1:100;Drone2:76;Drone3:95,20.0203,scanning,receive,Drone2
Drone3_e96,Drone3,Drone1:100;Drone2:76;Drone3:96,20.1287,scanning,send,Drone2
Drone2_e81,Drone2,Drone1:100;Drone2:81;Drone3:96,20.3550,formation_hold,receive,Drone3
Drone2_e82,Drone2,Drone1:100;Drone2:82;Drone3:96,20.5709,idle,local,
Drone3_e97,Drone3,Drone1:100;Drone2:76;Drone3:97,20.3025,scanning,local,
Drone1_e101,Drone1,Drone1:101;Drone2:66;Drone3:88,19.6793,scanning,send,Drone3
Drone2_e83,Drone2,Drone1:100;Drone2:83;Drone3:96,20.6247,idle,send,Drone3
Drone1_e102,Drone1,Drone1:102;Drone2:66;Drone3:88,19.8930,target_found,local,
Drone1_e103,Drone1,Drone1:103;Drone2:66;Drone3:88,20.0277,target_found,send,Drone3
Drone3_e98,Drone3,Drone1:101;Drone2:76;Drone3:98,20.5655,scanning,receive,Drone1
Drone3_e99,Drone3,Drone1:101;Drone2:76;Drone3:99,20.7105,scanning,local,
Drone2_e84,Drone2,Drone1:100;Drone2:84;Drone3:96,20.8966,idle,local,
Drone2_e85,Drone2,Drone1:100;Drone2:85;Drone3:96,20.9556,idle,local,
Drone1_e104,Drone1,Drone1:104;Drone2:66;Drone3:88,20.3270,target_found,send,Drone3
Drone3_e100,Drone3,Drone1:103;Drone2:76;Drone3:100,20.9506,scanning,receive,Drone1
Drone3_e101,Drone3,Drone1:103;Drone2:76;Drone3:101,21.1115,scanning,local,
Drone3_e102,Drone3,Drone1:104;Drone2:76;Drone3:102,21.1730,target_found,receive,Drone1
Drone1_e105,Drone1,Drone1:105;Drone2:66;Drone3:88,20.4847,target_found,send,Drone3
Drone1_e106,Drone1,Drone1:106;Drone2:66;Drone3:88,20.6762,target_found,local,
Drone1_e107,Drone1,Drone1:107;Drone2:66;Drone3:88,20.8786,target_found,send,Drone2
Drone2_e86,Drone2,Drone1:100;Drone2:86;Drone3:96,21.0658,idle,local,
Drone3_e103,Drone3,Drone1:104;Drone2:83;Drone3:103,21.3824,target_found,receive,Drone2
Drone2_e87,Drone2,Drone1:107;Drone2:87;Drone3:96,21.3405,idle,receive,Drone1
Drone2_e88,Drone2,Drone1:107;Drone2:88;Drone3:96,21.5599,idle,local,
Drone1_e108,Drone1,Drone1:108;Drone2:66;Drone3:88,21.1755,target_found,send,Drone3
Drone2_e89,Drone2,Drone1:107;Drone2:89;Drone3:96,21.7160,idle,local,
Drone2_e90,Drone2,Drone1:107;Drone2:90;Drone3:96,21.8415,idle,local,
Drone2_e91,Drone2,Drone1:107;Drone2:91;Drone3:96,21.9182,idle,local,
Drone2_e92,Drone2,Drone1:107;Drone2:92;Drone3:96,22.1119,scanning,local,
Drone3_e104,Drone3,Drone1:105;Drone2:83;Drone3:104,21.5011,target_found,receive,Drone1
Drone3_e105,Drone3,Drone1:105;Drone2:83;Drone3:105,21.7456,target_found,local,
Drone1_e109,Drone1,Drone1:109;Drone2:66;Drone3:88,21.4118,target_found,local,
Drone2_e93,Drone2,Drone1:107;Drone2:93;Drone3:96,22.2194,scanning,local,
Drone2_e94,Drone2,Drone1:107;Drone2:94;Drone3:96,22.4246,scanning,send,Drone1
Drone3_e106,Drone3,Drone1:105;Drone2:83;Drone3:106,21.9875,target_found,local,
Drone3_e107,Drone3,Drone1:105;Drone2:83;Drone3:107,22.1946,target_found,local,
Drone3_e108,Drone3,Drone1:105;Drone2:83;Drone3:108,22.3218,target_found,local,
Drone2_e95,Drone2,Drone1:107;Drone2:95;Drone3:96,22.6577,scanning,send,Drone3
Drone1_e110,Drone1,Drone1:110;Drone2:66;Drone3:88,21.5435,target_found,local,
Drone2_e96,Drone2,Drone1:107;Drone2:96;Drone3:96,22.9044,scanning,send,Drone1
Drone2_e97,Drone2,Drone1:107;Drone2:97;Drone3:96,23.1827,scanning,local,
Drone1_e111,Drone1,Drone1:111;Drone2:94;Drone3:96,22.7165,target_found,receive,Drone2
Drone2_e98,Drone2,Drone1:107;Drone2:98;Drone3:96,23.3174,scanning,local,
Drone1_e112,Drone1,Drone1:112;Drone2:94;Drone3:96,22.7853,position_measured,local,
Drone1_e113,Drone1,Drone1:113;Drone2:94;Drone3:96,23.0164,position_measured,local,
Drone2_e99,Drone2,Drone1:107;Drone2:99;Drone3:96,23.5686,scanning,local,
Drone2_e100,Drone2,Drone1:107;Drone2:100;Drone3:96,23.6220,scanning,send,Drone3
Drone3_e109,Drone3,Drone1:107;Drone2:95;Drone3:109,22.8759,target_found,receive,Drone2
Drone3_e110,Drone3,Drone1:107;Drone2:100;Drone3:110,23.8776,target_found,receive,Drone2
Drone2_e101,Drone2,Drone1:107;Drone2:101;Drone3:96,23.7899,scanning,send,Drone1
Drone3_e111,Drone3,Drone1:107;Drone2:100;Drone3:111,24.0680,target_found,local,
Drone3_e112,Drone3,Drone1:108;Drone2:100;Drone3:112,24.2768,position_measured,receive,Drone1
Drone2_e102,Drone2,Drone1:107;Drone2:102;Drone3:96,23.9155,target_found,local,
Drone2_e103,Drone2,Drone1:107;Drone2:103;Drone3:96,24.2020,target_found,send,Drone1
Drone2_e104,Drone2,Drone1:107;Drone2:104;Drone3:96,24.2811,target_found,local,
Drone1_e114,Drone1,Drone1:114;Drone2:94;Drone3:96,23.1003,position_measured,local,
Drone2_e105,Drone2,Drone1:107;Drone2:105;Drone3:96,24.5684,target_found,local,
Drone3_e113,Drone3,Drone1:108;Drone2:100;Drone3:113,24.4316,position_measured,local,
Drone3_e114,Drone3,Drone1:108;Drone2:100;Drone3:114,24.7030,position_measured,local,
Drone3_e115,Drone3,Drone1:108;Drone2:100;Drone3:115,24.9069,position_measured,send,Drone2
Drone2_e106,Drone2,Drone1:108;Drone2:106;Drone3:115,25.0112,target_found,receive,Drone3
Drone2_e107,Drone2,Drone1:108;Drone2:107;Drone3:115,25.2751,target_found,local,
Drone1_e115,Drone1,Drone1:115;Drone2:94;Drone3:96,23.2421,position_measured,local,
Drone3_e116,Drone3,Drone1:108;Drone2:100;Drone3:116,25.0564,position_measured,local,
Drone1_e116,Drone1,Drone1:116;Drone2:94;Drone3:96,23.5294,position_measured,local,
Drone2_e108,Drone2,Drone1:108;Drone2:108;Drone3:115,25.4855,target_found,send,Drone1
Drone3_e117,Drone3,Drone1:108;Drone2:100;Drone3:117,25.1191,position_measured,local,
Drone2_e109,Drone2,Drone1:108;Drone2:109;Drone3:115,25.7322,target_found,send,Drone1
Drone1_e117,Drone1,Drone1:117;Drone2:96;Drone3:96,23.7260,position_measured,receive,Drone2
Drone1_e118,Drone1,Drone1:118;Drone2:101;Drone3:96,24.0371,position_measured,receive,Drone2
Drone3_e118,Drone3,Drone1:108;Drone2:100;Drone3:118,25.4160,position_measured,send,Drone1
Drone3_e119,Drone3,Drone1:108;Drone2:100;Drone3:119,25.4934,position_measured,send,Drone1
Drone1_e119,Drone1,Drone1:119;Drone2:101;Drone3:118,25.6635,position_measured,receive,Drone3
Drone1_e120,Drone1,Drone1:120;Drone2:101;Drone3:118,25.7174,position_measured,local,
Drone2_e110,Drone2,Drone1:108;Drone2:110;Drone3:115,25.9138,target_found,send,Drone3
Drone3_e120,Drone3,Drone1:108;Drone2:110;Drone3:120,26.1583,position_measured,receive,Drone2
Drone3_e121,Drone3,Drone1:108;Drone2:110;Drone3:121,26.3213,position_measured,local,
Drone1_e121,Drone1,Drone1:121;Drone2:101;Drone3:118,25.7782,position_measured,local,
Drone3_e122,Drone3,Drone1:108;Drone2:110;Drone3:122,26.4858,position_sent,local,
Drone1_e122,Drone1,Drone1:122;Drone2:101;Drone3:119,26.0401,position_sent,receive,Drone3
Drone2_e111,Drone2,Drone1:108;Drone2:111;Drone3:115,26.0863,target_found,local,
Drone2_e112,Drone2,Drone1:108;Drone2:112;Drone3:115,26.2169,position_measured,send,Drone1
Drone1_e123,Drone1,Drone1:123;Drone2:103;Drone3:119,26.2461,position_sent,receive,Drone2
Drone3_e123,Drone3,Drone1:108;Drone2:110;Drone3:123,26.6171,position_sent,local,
Drone3_e124,Drone3,Drone1:108;Drone2:110;Drone3:124,26.7805,position_sent,local,
Drone3_e125,Drone3,Drone1:108;Drone2:110;Drone3:125,27.0288,position_sent,local,
Drone1_e124,Drone1,Drone1:124;Drone2:103;Drone3:119,26.4589,position_sent,local,
Drone3_e126,Drone3,Drone1:108;Drone2:110;Drone3:126,27.1325,position_sent,local,
Drone2_e113,Drone2,Drone1:108;Drone2:113;Drone3:115,26.3703,position_measured,local,
Drone2_e114,Drone2,Drone1:108;Drone2:114;Drone3:115,26.6027,position_measured,local,
Drone2_e115,Drone2,Drone1:108;Drone2:115;Drone3:115,26.8190,position_measured,local,
Drone2_e116,Drone2,Drone1:108;Drone2:116;Drone3:115,27.0407,position_measured,local,
Drone2_e117,Drone2,Drone1:108;Drone2:117;Drone3:115,27.1140,position_measured,send,Drone1
Drone1_e125,Drone1,Drone1:125;Drone2:103;Drone3:119,26.6020,position_sent,local,
Drone1_e126,Drone1,Drone1:126;Drone2:103;Drone3:119,26.7987,position_sent,local,
Drone3_e127,Drone3,Drone1:108;Drone2:110;Drone3:127,27.3500,position_sent,local,
Drone2_e118,Drone2,Drone1:108;Drone2:118;Drone3:115,27.3303,position_measured,local,
Drone2_e119,Drone2,Drone1:108;Drone2:119;Drone3:115,27.5606,position_measured,local,
Drone2_e120,Drone2,Drone1:108;Drone2:120;Drone3:115,27.6985,position_measured,local,
Drone3_e128,Drone3,Drone1:108;Drone2:110;Drone3:128,27.4387,position_sent,local,
Drone2_e121,Drone2,Drone1:108;Drone2:121;Drone3:115,27.8361,position_measured,send,Drone1
Drone3_e129,Drone3,Drone1:108;Drone2:110;Drone3:129,27.6794,position_sent,local,
Drone3_e130,Drone3,Drone1:108;Drone2:110;Drone3:130,27.9407,position_sent,send,Drone2
Drone3_e131,Drone3,Drone1:108;Drone2:110;Drone3:131,28.1513,position_sent,local,
Drone1_e127,Drone1,Drone1:127;Drone2:103;Drone3:119,27.0131,position_sent,local,
Drone3_e132,Drone3,Drone1:108;Drone2:110;Drone3:132,28.2697,processing,send,Drone1
Drone2_e122,Drone2,Drone1:108;Drone2:122;Drone3:115,27.9738,position_sent,local,
Drone1_e128,Drone1,Drone1:128;Drone2:103;Drone3:119,27.2047,position_sent,local,
Drone2_e123,Drone2,Drone1:108;Drone2:123;Drone3:130,28.0467,position_sent,receive,Drone3
Drone3_e133,Drone3,Drone1:108;Drone2:110;Drone3:133,28.4331,processing,send,Drone2
Drone1_e129,Drone1,Drone1:129;Drone2:110;Drone3:132,28.5139,position_sent,receive,Drone3
Drone3_e134,Drone3,Drone1:108;Drone2:110;Drone3:134,28.7039,processing,local,
Drone1_e130,Drone1,Drone1:130;Drone2:110;Drone3:132,28.7324,position_sent,receive,Drone2
Drone2_e124,Drone2,Drone1:108;Drone2:124;Drone3:130,28.2028,position_sent,local,
Drone3_e135,Drone3,Drone1:108;Drone2:110;Drone3:135,28.8222,processing,local,
Drone3_e136,Drone3,Drone1:108;Drone2:110;Drone3:136,28.8999,processing,send,Drone2
Drone3_e137,Drone3,Drone1:108;Drone2:110;Drone3:137,29.0716,processing,local,
Drone3_e138,Drone3,Drone1:108;Drone2:110;Drone3:138,29.1767,processing,local,
Drone3_e139,Drone3,Drone1:108;Drone2:110;Drone3:139,29.3021,processing,send,Drone1
Drone1_e131,Drone1,Drone1:131;Drone2:110;Drone3:132,28.9734,position_sent,local,
Drone2_e125,Drone2,Drone1:108;Drone2:125;Drone3:133,28.6074,position_sent,receive,Drone3
Drone2_e126,Drone2,Drone1:108;Drone2:126;Drone3:136,29.0831,position_sent,receive,Drone3
Drone1_e132,Drone1,Drone1:132;Drone2:110;Drone3:132,29.2317,processing,local,
Drone2_e127,Drone2,Drone1:108;Drone2:127;Drone3:136,29.2421,position_sent,send,Drone1
Drone2_e128,Drone2,Drone1:108;Drone2:128;Drone3:136,29.5076,position_sent,local,
Drone3_e140,Drone3,Drone1:108;Drone2:110;Drone3:140,29.4532,processing,local,
Drone3_e141,Drone3,Drone1:108;Drone2:110;Drone3:141,29.5320,processing,local,
Drone1_e133,Drone1,Drone1:133;Drone2:110;Drone3:132,29.3247,processing,local,
Drone3_e142,Drone3,Drone1:108;Drone2:110;Drone3:142,29.7544,relative_computed,local,
Drone2_e129,Drone2,Drone1:108;Drone2:129;Drone3:136,29.6185,position_sent,send,Drone1
Drone3_e143,Drone3,Drone1:108;Drone2:110;Drone3:143,29.8240,relative_computed,local,
Drone2_e130,Drone2,Drone1:108;Drone2:130;Drone3:136,29.7239,position_sent,local,
Drone1_e134,Drone1,Drone1:134;Drone2:110;Drone3:132,29.5074,processing,receive,Drone2
Drone1_e135,Drone1,Drone1:135;Drone2:110;Drone3:132,29.6447,processing,local,
Drone3_e144,Drone3,Drone1:108;Drone2:110;Drone3:144,30.0354,relative_computed,local,
Drone1_e136,Drone1,Drone1:136;Drone2:112;Drone3:132,29.7587,processing,receive,Drone2
Drone1_e137,Drone1,Drone1:137;Drone2:112;Drone3:132,29.9987,processing,local,
Drone3_e145,Drone3,Drone1:108;Drone2:110;Drone3:145,30.2014,relative_computed,send,Drone2
Drone3_e146,Drone3,Drone1:108;Drone2:110;Drone3:146,30.3636,relative_computed,local,
Drone3_e147,Drone3,Drone1:108;Drone2:110;Drone3:147,30.6602,relative_computed,local,
Drone2_e131,Drone2,Drone1:108;Drone2:131;Drone3:136,29.9307,position_sent,local,
Drone1_e138,Drone1,Drone1:138;Drone2:112;Drone3:132,30.1660,processing,local,
Drone3_e148,Drone3,Drone1:108;Drone2:110;Drone3:148,30.7789,relative_computed,local,
Drone1_e139,Drone1,Drone1:139;Drone2:117;Drone3:132,30.2936,processing,receive,Drone2
Drone2_e132,Drone2,Drone1:108;Drone2:132;Drone3:145,30.4593,processing,receive,Drone3
Drone1_e140,Drone1,Drone1:140;Drone2:117;Drone3:132,30.5879,processing,local,
Drone1_e141,Drone1,Drone1:141;Drone2:117;Drone3:132,30.7647,processing,local,
Drone2_e133,Drone2,Drone1:108;Drone2:133;Drone3:145,30.7479,processing,local,
Drone3_e149,Drone3,Drone1:108;Drone2:110;Drone3:149,30.9413,relative_computed,local,
Drone3_e150,Drone3,Drone1:108;Drone2:110;Drone3:150,31.0717,relative_computed,local,
Drone2_e134,Drone2,Drone1:108;Drone2:134;Drone3:145,31.0373,processing,local,
Drone2_e135,Drone2,Drone1:108;Drone2:135;Drone3:145,31.3329,processing,send,Drone3
Drone1_e142,Drone1,Drone1:142;Drone2:117;Drone3:132,30.8578,relative_computed,local,
Drone1_e143,Drone1,Drone1:143;Drone2:117;Drone3:132,31.1556,relative_computed,local,
Drone3_e151,Drone3,Drone1:108;Drone2:110;Drone3:151,31.1614,relative_computed,local,
Drone2_e136,Drone2,Drone1:108;Drone2:136;Drone3:145,31.4797,processing,local,
Drone2_e137,Drone2,Drone1:108;Drone2:137;Drone3:145,31.5428,processing,local,
Drone3_e152,Drone3,Drone1:108;Drone2:110;Drone3:152,31.2279,formation_hold,local,
Drone1_e144,Drone1,Drone1:144;Drone2:117;Drone3:132,31.3022,relative_computed,local,
Drone2_e138,Drone2,Drone1:108;Drone2:138;Drone3:145,31.7570,processing,local,
Drone3_e153,Drone3,Drone1:108;Drone2:110;Drone3:153,31.3612,formation_hold,local,
Drone3_e154,Drone3,Drone1:108;Drone2:110;Drone3:154,31.6404,formation_hold,local,
Drone2_e139,Drone2,Drone1:108;Drone2:139;Drone3:145,31.9816,processing,local,
Drone2_e140,Drone2,Drone1:108;Drone2:140;Drone3:145,32.1090,processing,send,Drone1
Drone2_e141,Drone2,Drone1:108;Drone2:141;Drone3:145,32.2411,processing,local,
Drone1_e145,Drone1,Drone1:145;Drone2:117;Drone3:132,31.5595,relative_computed,local,
Drone3_e155,Drone3,Drone1:108;Drone2:110;Drone3:155,31.9185,formation_hold,local,
Drone1_e146,Drone1,Drone1:146;Drone2:117;Drone3:132,31.7153,relative_computed,local,
Drone2_e142,Drone2,Drone1:108;Drone2:142;Drone3:145,32.3362,relative_computed,send,Drone3
Drone1_e147,Drone1,Drone1:147;Drone2:117;Drone3:139,31.8133,relative_computed,receive,Drone3
Drone1_e148,Drone1,Drone1:148;Drone2:121;Drone3:139,32.0744,relative_computed,receive,Drone2
Drone1_e149,Drone1,Drone1:149;Drone2:121;Drone3:139,32.2594,relative_computed,local,
Drone3_e156,Drone3,Drone1:108;Drone2:110;Drone3:156,31.9780,formation_hold,local,
Drone2_e143,Drone2,Drone1:108;Drone2:143;Drone3:145,32.5407,relative_computed,local,
Drone3_e157,Drone3,Drone1:108;Drone2:135;Drone3:157,32.0732,formation_hold,receive,Drone2
Drone3_e158,Drone3,Drone1:108;Drone2:135;Drone3:158,32.3254,formation_hold,local,
Drone1_e150,Drone1,Drone1:150;Drone2:121;Drone3:139,32.3203,relative_computed,local,
Drone2_e144,Drone2,Drone1:108;Drone2:144;Drone3:145,32.6501,relative_computed,local,
Drone2_e145,Drone2,Drone1:108;Drone2:145;Drone3:145,32.8882,relative_computed,local,
Drone2_e146,Drone2,Drone1:108;Drone2:146;Drone3:145,33.0155,relative_computed,send,Drone1
Drone2_e147,Drone2,Drone1:108;Drone2:147;Drone3:145,33.1140,relative_computed,local,
Drone3_e159,Drone3,Drone1:108;Drone2:135;Drone3:159,32.6215,formation_hold,local,
Drone2_e148,Drone2,Drone1:108;Drone2:148;Drone3:145,33.3586,relative_computed,local,
Drone3_e160,Drone3,Drone1:108;Drone2:135;Drone3:160,32.9131,formation_hold,local,
Drone1_e151,Drone1,Drone1:151;Drone2:121;Drone3:139,32.4049,relative_computed,local,
Drone2_e149,Drone2,Drone1:108;Drone2:149;Drone3:145,33.6271,relative_computed,send,Drone3
Drone3_e161,Drone3,Drone1:108;Drone2:135;Drone3:161,33.1410,formation_hold,local,
Drone3_e162,Drone3,Drone1:108;Drone2:135;Drone3:162,33.2622,idle,local,
Drone1_e152,Drone1,Drone1:152;Drone2:127;Drone3:139,32.6626,formation_hold,receive,Drone2
Drone1_e153,Drone1,Drone1:153;Drone2:127;Drone3:139,32.7682,formation_hold,local,
Drone2_e150,Drone2,Drone1:108;Drone2:150;Drone3:145,33.9097,relative_computed,local,
Drone2_e151,Drone2,Drone1:108;Drone2:151;Drone3:145,34.0187,relative_computed,send,Drone3
Drone1_e154,Drone1,Drone1:154;Drone2:129;Drone3:139,32.8978,formation_hold,receive,Drone2
Drone1_e155,Drone1,Drone1:155;Drone2:129;Drone3:139,33.1103,formation_hold,local,
Drone1_e156,Drone1,Drone1:156;Drone2:140;Drone3:145,33.3897,formation_hold,receive,Drone2
Drone2_e152,Drone2,Drone1:108;Drone2:152;Drone3:145,34.1034,formation_hold,local,
Drone3_e163,Drone3,Drone1:108;Drone2:135;Drone3:163,33.4661,idle,local,
Drone1_e157,Drone1,Drone1:157;Drone2:146;Drone3:145,33.6484,formation_hold,receive,Drone2
Drone3_e164,Drone3,Drone1:108;Drone2:135;Drone3:164,33.6683,idle,local,
Drone2_e153,Drone2,Drone1:108;Drone2:153;Drone3:145,34.2128,formation_hold,send,Drone3
Drone1_e158,Drone1,Drone1:158;Drone2:146;Drone3:145,33.8581,formation_hold,send,Drone3
Drone3_e165,Drone3,Drone1:108;Drone2:135;Drone3:165,33.7460,idle,local,
Drone2_e154,Drone2,Drone1:108;Drone2:154;Drone3:145,34.2669,formation_hold,local,
Drone3_e166,Drone3,Drone1:108;Drone2:135;Drone3:166,33.9756,idle,local,
Drone2_e155,Drone2,Drone1:108;Drone2:155;Drone3:145,34.4706,formation_hold,local,
Drone1_e159,Drone1,Drone1:159;Drone2:146;Drone3:145,33.9550,formation_hold,local,
Drone3_e167,Drone3,Drone1:108;Drone2:142;Drone3:167,34.0426,idle,receive,Drone2
Drone3_e168,Drone3,Drone1:108;Drone2:142;Drone3:168,34.2892,idle,local,
Drone3_e169,Drone3,Drone1:108;Drone2:142;Drone3:169,34.4368,idle,local,
Drone2_e156,Drone2,Drone1:108;Drone2:156;Drone3:145,34.7658,formation_hold,send,Drone3
Drone2_e157,Drone2,Drone1:108;Drone2:157;Drone3:145,34.9051,formation_hold,local,
Drone1_e160,Drone1,Drone1:160;Drone2:146;Drone3:145,34.1882,formation_hold,local,
Drone3_e170,Drone3,Drone1:108;Drone2:149;Drone3:170,34.5201,idle,receive,Drone2
Drone2_e158,Drone2,Drone1:108;Drone2:158;Drone3:145,35.1585,formation_hold,local,
Drone1_e161,Drone1,Drone1:161;Drone2:146;Drone3:145,34.4094,formation_hold,local,
Drone3_e171,Drone3,Drone1:108;Drone2:149;Drone3:171,34.6157,idle,local,
Drone1_e162,Drone1,Drone1:162;Drone2:146;Drone3:145,34.4686,idle,send,Drone3
Drone1_e163,Drone1,Drone1:163;Drone2:146;Drone3:145,34.7401,idle,send,Drone2
Drone2_e159,Drone2,Drone1:108;Drone2:159;Drone3:145,35.3373,formation_hold,local,
Drone3_e172,Drone3,Drone1:108;Drone2:149;Drone3:172,34.6748,scanning,local,
Drone3_e173,Drone3,Drone1:108;Drone2:151;Drone3:173,34.9404,scanning,receive,Drone2
Drone1_e164,Drone1,Drone1:164;Drone2:146;Drone3:145,34.8731,idle,local,
Drone1_e165,Drone1,Drone1:165;Drone2:146;Drone3:145,35.0323,idle,local,
Drone2_e160,Drone2,Drone1:108;Drone2:160;Drone3:145,35.6110,formation_hold,local,
Drone2_e161,Drone2,Drone1:163;Drone2:161;Drone3:145,35.7850,formation_hold,receive,Drone1
Drone2_e162,Drone2,Drone1:163;Drone2:162;Drone3:145,36.0344,idle,local,
Drone2_e163,Drone2,Drone1:163;Drone2:163;Drone3:145,36.2661,idle,local,
Drone1_e166,Drone1,Drone1:166;Drone2:146;Drone3:145,35.3311,idle,local,
Drone1_e167,Drone1,Drone1:167;Drone2:146;Drone3:145,35.4614,idle,local,
Drone1_e168,Drone1,Drone1:168;Drone2:146;Drone3:145,35.5853,idle,local,
Drone2_e164,Drone2,Drone1:163;Drone2:164;Drone3:145,36.4227,idle,local,
Drone3_e174,Drone3,Drone1:108;Drone2:151;Drone3:174,35.1022,scanning,local,
Drone3_e175,Drone3,Drone1:108;Drone2:151;Drone3:175,35.2403,scanning,local,
Drone2_e165,Drone2,Drone1:163;Drone2:165;Drone3:145,36.4914,idle,send,Drone1
Drone3_e176,Drone3,Drone1:108;Drone2:151;Drone3:176,35.4186,scanning,local,
Drone3_e177,Drone3,Drone1:108;Drone2:151;Drone3:177,35.7068,scanning,local,
Drone1_e169,Drone1,Drone1:169;Drone2:146;Drone3:145,35.8048,idle,local,
Drone2_e166,Drone2,Drone1:163;Drone2:166;Drone3:145,36.6004,idle,send,Drone1
Drone3_e178,Drone3,Drone1:108;Drone2:153;Drone3:178,35.9941,scanning,receive,Drone2
Drone1_e170,Drone1,Drone1:170;Drone2:146;Drone3:145,36.0246,idle,local,
Drone2_e167,Drone2,Drone1:163;Drone2:167;Drone3:145,36.8412,idle,local,
Drone3_e179,Drone3,Drone1:108;Drone2:156;Drone3:179,36.1436,scanning,receive,Drone2
Drone3_e180,Drone3,Drone1:158;Drone2:156;Drone3:180,36.2001,scanning,receive,Drone1
Drone1_e171,Drone1,Drone1:171;Drone2:146;Drone3:145,36.1713,idle,local,
Drone3_e181,Drone3,Drone1:162;Drone2:156;Drone3:181,36.4261,scanning,receive,Drone1
Drone1_e172,Drone1,Drone1:172;Drone2:146;Drone3:145,36.2927,scanning,local,
Drone2_e168,Drone2,Drone1:163;Drone2:168;Drone3:145,37.1044,idle,send,Drone1
Drone2_e169,Drone2,Drone1:163;Drone2:169;Drone3:145,37.4037,idle,send,Drone3
Drone3_e182,Drone3,Drone1:162;Drone2:156;Drone3:182,36.7228,target_found,local,
Drone3_e183,Drone3,Drone1:163;Drone2:169;Drone3:183,37.5912,target_found,receive,Drone2
Drone2_e170,Drone2,Drone1:163;Drone2:170;Drone3:145,37.6666,idle,local,
Drone3_e184,Drone3,Drone1:163;Drone2:169;Drone3:184,37.8163,target_found,local,
Drone1_e173,Drone1,Drone1:173;Drone2:146;Drone3:145,36.4699,scanning,local,
Drone1_e174,Drone1,Drone1:174;Drone2:146;Drone3:145,36.7179,scanning,local,
Drone1_e175,Drone1,Drone1:175;Drone2:146;Drone3:145,36.7745,scanning,local,
Drone3_e185,Drone3,Drone1:163;Drone2:169;Drone3:185,37.9831,target_found,local,
Drone3_e186,Drone3,Drone1:163;Drone2:169;Drone3:186,38.0496,target_found,send,Drone1
Drone2_e171,Drone2,Drone1:163;Drone2:171;Drone3:145,37.8963,idle,local,
Drone3_e187,Drone3,Drone1:163;Drone2:169;Drone3:187,38.2019,target_found,local,
Drone3_e188,Drone3,Drone1:163;Drone2:169;Drone3:188,38.4125,target_found,send,Drone2
Drone2_e172,Drone2,Drone1:163;Drone2:172;Drone3:145,38.0756,scanning,local,
Drone1_e176,Drone1,Drone1:176;Drone2:146;Drone3:145,37.0195,scanning,local,
Drone3_e189,Drone3,Drone1:163;Drone2:169;Drone3:189,38.6544,target_found,local,
Drone1_e177,Drone1,Drone1:177;Drone2:146;Drone3:145,37.2972,scanning,local,
Drone1_e178,Drone1,Drone1:178;Drone2:146;Drone3:145,37.4768,scanning,local,
Drone2_e173,Drone2,Drone1:163;Drone2:173;Drone3:188,38.6962,scanning,receive,Drone3
Drone1_e179,Drone1,Drone1:179;Drone2:169;Drone3:186,38.3110,scanning,receive,Drone3
Drone2_e174,Drone2,Drone1:163;Drone2:174;Drone3:188,38.7775,scanning,send,Drone3
Drone2_e175,Drone2,Drone1:163;Drone2:175;Drone3:188,38.8508,scanning,local,
Drone3_e190,Drone3,Drone1:163;Drone2:174;Drone3:190,38.8703,target_found,receive,Drone2
Drone3_e191,Drone3,Drone1:163;Drone2:174;Drone3:191,39.0716,target_found,local,
Drone3_e192,Drone3,Drone1:163;Drone2:174;Drone3:192,39.1419,position_measured,send,Drone1
Drone3_e193,Drone3,Drone1:163;Drone2:174;Drone3:193,39.2580,position_measured,local,
Drone1_e180,Drone1,Drone1:180;Drone2:169;Drone3:186,38.4652,scanning,local,
Drone3_e194,Drone3,Drone1:163;Drone2:174;Drone3:194,39.4685,position_measured,send,Drone2
Drone2_e176,Drone2,Drone1:163;Drone2:176;Drone3:188,39.1020,scanning,local,
Drone3_e195,Drone3,Drone1:163;Drone2:174;Drone3:195,39.6319,position_measured,local,
Drone3_e196,Drone3,Drone1:163;Drone2:174;Drone3:196,39.7858,position_measured,send,Drone2
Drone2_e177,Drone2,Drone1:163;Drone2:177;Drone3:194,39.5967,scanning,receive,Drone3
Drone3_e197,Drone3,Drone1:163;Drone2:174;Drone3:197,40.0828,position_measured,local,
Drone2_e178,Drone2,Drone1:163;Drone2:178;Drone3:194,39.6793,scanning,local,
Drone2_e179,Drone2,Drone1:163;Drone2:179;Drone3:194,39.7559,scanning,local,
Drone1_e181,Drone1,Drone1:181;Drone2:169;Drone3:186,38.5821,scanning,local,
Drone1_e182,Drone1,Drone1:182;Drone2:169;Drone3:186,38.7046,target_found,receive,Drone2
Drone2_e180,Drone2,Drone1:163;Drone2:180;Drone3:194,39.9104,scanning,local,
Drone1_e183,Drone1,Drone1:183;Drone2:169;Drone3:186,38.9880,target_found,local,
Drone3_e198,Drone3,Drone1:163;Drone2:174;Drone3:198,40.3236,position_measured,local,
Drone2_e181,Drone2,Drone1:163;Drone2:181;Drone3:194,40.0771,scanning,local,
Drone2_e182,Drone2,Drone1:163;Drone2:182;Drone3:194,40.1496,target_found,local,
Drone2_e183,Drone2,Drone1:163;Drone2:183;Drone3:194,40.4413,target_found,local,
Drone1_e184,Drone1,Drone1:184;Drone2:169;Drone3:186,39.0502,target_found,local,
Drone2_e184,Drone2,Drone1:163;Drone2:184;Drone3:194,40.7119,target_found,local,
Drone3_e199,Drone3,Drone1:163;Drone2:174;Drone3:199,40.4450,position_measured,local,
Drone1_e185,Drone1,Drone1:185;Drone2:169;Drone3:186,39.2079,target_found,local,
Drone2_e185,Drone2,Drone1:163;Drone2:185;Drone3:194,40.9529,target_found,local,
Drone2_e186,Drone2,Drone1:163;Drone2:186;Drone3:196,41.1454,target_found,receive,Drone3
Drone1_e186,Drone1,Drone1:186;Drone2:174;Drone3:192,39.2763,target_found,receive,Drone3
Drone3_e200,Drone3,Drone1:163;Drone2:174;Drone3:200,40.6325,position_measured,local,
Drone3_e201,Drone3,Drone1:163;Drone2:174;Drone3:201,40.7122,position_measured,local,
Drone1_e187,Drone1,Drone1:187;Drone2:174;Drone3:192,39.4658,target_found,receive,Drone2
Drone2_e187,Drone2,Drone1:163;Drone2:187;Drone3:196,41.2452,target_found,local,
Drone3_e202,Drone3,Drone1:163;Drone2:174;Drone3:202,40.7723,position_sent,local,
Drone1_e188,Drone1,Drone1:188;Drone2:174;Drone3:192,39.7168,target_found,receive,Drone2
Drone3_e203,Drone3,Drone1:163;Drone2:174;Drone3:203,40.9738,position_sent,local,
Drone3_e204,Drone3,Drone1:163;Drone2:174;Drone3:204,41.0644,position_sent,send,Drone2
Drone3_e205,Drone3,Drone1:163;Drone2:174;Drone3:205,41.1893,position_sent,local,
Drone2_e188,Drone2,Drone1:163;Drone2:188;Drone3:196,41.4226,target_found,local,
Drone2_e189,Drone2,Drone1:163;Drone2:189;Drone3:196,41.5476,target_found,local,
Drone1_e189,Drone1,Drone1:189;Drone2:174;Drone3:192,39.9352,target_found,local,
Drone2_e190,Drone2,Drone1:163;Drone2:190;Drone3:196,41.7968,target_found,local,
Drone3_e206,Drone3,Drone1:163;Drone2:174;Drone3:206,41.3966,position_sent,local,
Drone3_e207,Drone3,Drone1:163;Drone2:174;Drone3:207,41.6883,position_sent,local,
Drone3_e208,Drone3,Drone1:163;Drone2:174;Drone3:208,41.9187,position_sent,local,
Drone3_e209,Drone3,Drone1:163;Drone2:174;Drone3:209,42.0997,position_sent,local,
Drone3_e210,Drone3,Drone1:163;Drone2:174;Drone3:210,42.3600,position_sent,local,
Drone1_e190,Drone1,Drone1:190;Drone2:174;Drone3:192,40.0458,target_found,local,
Drone3_e211,Drone3,Drone1:163;Drone2:174;Drone3:211,42.4375,position_sent,local,
Drone1_e191,Drone1,Drone1:191;Drone2:174;Drone3:192,40.2005,target_found,local,
Drone2_e191,Drone2,Drone1:163;Drone2:191;Drone3:196,41.9494,target_found,local,
Drone3_e212,Drone3,Drone1:163;Drone2:174;Drone3:212,42.7057,processing,local,
Drone3_e213,Drone3,Drone1:163;Drone2:174;Drone3:213,42.9322,processing,local,
Drone3_e214,Drone3,Drone1:163;Drone2:174;Drone3:214,43.2317,processing,send,Drone2
Drone2_e192,Drone2,Drone1:163;Drone2:192;Drone3:196,42.0778,position_measured,local,
Drone1_e192,Drone1,Drone1:192;Drone2:174;Drone3:192,40.3838,position_measured,local,
Drone3_e215,Drone3,Drone1:163;Drone2:174;Drone3:215,43.4747,processing,local,
Drone3_e216,Drone3,Drone1:163;Drone2:174;Drone3:216,43.7256,processing,local,
Drone2_e193,Drone2,Drone1:163;Drone2:193;Drone3:196,42.1759,position_measured,local,
Drone1_e193,Drone1,Drone1:193;Drone2:174;Drone3:192,40.4900,position_measured,send,Drone3
Drone2_e194,Drone2,Drone1:163;Drone2:194;Drone3:196,42.4021,position_measured,local,
Drone3_e217,Drone3,Drone1:163;Drone2:174;Drone3:217,43.8549,processing,local,
Drone2_e195,Drone2,Drone1:163;Drone2:195;Drone3:196,42.6857,position_measured,local,
Drone3_e218,Drone3,Drone1:193;Drone2:174;Drone3:218,44.0482,processing,receive,Drone1
Drone3_e219,Drone3,Drone1:193;Drone2:174;Drone3:219,44.3433,processing,local,
Drone2_e196,Drone2,Drone1:163;Drone2:196;Drone3:196,42.9369,position_measured,local,
Drone2_e197,Drone2,Drone1:163;Drone2:197;Drone3:204,43.0735,position_measured,receive,Drone3
Drone2_e198,Drone2,Drone1:163;Drone2:198;Drone3:204,43.3103,position_measured,local,
Drone1_e194,Drone1,Drone1:194;Drone2:174;Drone3:192,40.7732,position_measured,send,Drone3
Drone3_e220,Drone3,Drone1:194;Drone2:174;Drone3:220,44.5472,processing,receive,Drone1
Drone3_e221,Drone3,Drone1:194;Drone2:174;Drone3:221,44.7646,processing,send,Drone1
Drone3_e222,Drone3,Drone1:194;Drone2:174;Drone3:222,44.8278,relative_computed,send,Drone1
Drone2_e199,Drone2,Drone1:163;Drone2:199;Drone3:214,43.3854,position_measured,receive,Drone3
Drone1_e195,Drone1,Drone1:195;Drone2:174;Drone3:221,44.9164,position_measured,receive,Drone3
Drone2_e200,Drone2,Drone1:163;Drone2:200;Drone3:214,43.4853,position_measured,local,
Drone2_e201,Drone2,Drone1:163;Drone2:201;Drone3:214,43.6968,position_measured,local,
Drone1_e196,Drone1,Drone1:196;Drone2:174;Drone3:221,45.0244,position_measured,local,
Drone3_e223,Drone3,Drone1:194;Drone2:174;Drone3:223,45.1119,relative_computed,local,
Drone1_e197,Drone1,Drone1:197;Drone2:174;Drone3:221,45.2838,position_measured,local,
Drone1_e198,Drone1,Drone1:198;Drone2:174;Drone3:221,45.4331,position_measured,local,
Drone2_e202,Drone2,Drone1:163;Drone2:202;Drone3:214,43.9659,position_sent,send,Drone3
Drone1_e199,Drone1,Drone1:199;Drone2:174;Drone3:222,45.7152,position_measured,receive,Drone3
Drone2_e203,Drone2,Drone1:163;Drone2:203;Drone3:214,44.2383,position_sent,send,Drone3
Drone1_e200,Drone1,Drone1:200;Drone2:174;Drone3:222,45.8822,position_measured,local,
Drone1_e201,Drone1,Drone1:201;Drone2:174;Drone3:222,46.0149,position_measured,local,
Drone3_e224,Drone3,Drone1:194;Drone2:174;Drone3:224,45.2263,relative_computed,local,
Drone1_e202,Drone1,Drone1:202;Drone2:174;Drone3:222,46.2626,position_sent,send,Drone3
Drone3_e225,Drone3,Drone1:194;Drone2:174;Drone3:225,45.3245,relative_computed,local,
Drone3_e226,Drone3,Drone1:194;Drone2:174;Drone3:226,45.5988,relative_computed,local,
Drone2_e204,Drone2,Drone1:163;Drone2:204;Drone3:214,44.3099,position_sent,local,
Drone3_e227,Drone3,Drone1:202;Drone2:174;Drone3:227,46.4319,relative_computed,receive,Drone1
Drone1_e203,Drone1,Drone1:203;Drone2:174;Drone3:222,46.3714,position_sent,send,Drone3
Drone2_e205,Drone2,Drone1:163;Drone2:205;Drone3:214,44.4354,position_sent,local,
Drone3_e228,Drone3,Drone1:202;Drone2:174;Drone3:228,46.5473,relative_computed,local,
Drone2_e206,Drone2,Drone1:163;Drone2:206;Drone3:214,44.5010,position_sent,local,
Drone1_e204,Drone1,Drone1:204;Drone2:174;Drone3:222,46.4614,position_sent,local,
Drone3_e229,Drone3,Drone1:202;Drone2:174;Drone3:229,46.8211,relative_computed,local,
Drone3_e230,Drone3,Drone1:202;Drone2:174;Drone3:230,47.0437,relative_computed,local,
Drone3_e231,Drone3,Drone1:202;Drone2:174;Drone3:231,47.1674,relative_computed,local,
Drone3_e232,Drone3,Drone1:203;Drone2:174;Drone3:232,47.3370,formation_hold,receive,Drone1
Drone2_e207,Drone2,Drone1:163;Drone2:207;Drone3:214,44.7024,position_sent,local,
Drone2_e208,Drone2,Drone1:163;Drone2:208;Drone3:214,44.9806,position_sent,local,
Drone3_e233,Drone3,Drone1:203;Drone2:174;Drone3:233,47.5934,formation_hold,local,
Drone1_e205,Drone1,Drone1:205;Drone2:174;Drone3:222,46.6603,position_sent,local,
Drone1_e206,Drone1,Drone1:206;Drone2:174;Drone3:222,46.8424,position_sent,local,
Drone2_e209,Drone2,Drone1:163;Drone2:209;Drone3:214,45.0460,position_sent,send,Drone1
Drone3_e234,Drone3,Drone1:203;Drone2:174;Drone3:234,47.6939,formation_hold,local,
Drone3_e235,Drone3,Drone1:203;Drone2:202;Drone3:235,47.9575,formation_hold,receive,Drone2
Drone2_e210,Drone2,Drone1:163;Drone2:210;Drone3:214,45.2753,position_sent,send,Drone1
Drone2_e211,Drone2,Drone1:163;Drone2:211;Drone3:214,45.5274,position_sent,send,Drone3
Drone2_e212,Drone2,Drone1:163;Drone2:212;Drone3:214,45.6916,processing,send,Drone3
Drone1_e207,Drone1,Drone1:207;Drone2:174;Drone3:222,47.0606,position_sent,local,
Drone2_e213,Drone2,Drone1:163;Drone2:213;Drone3:214,45.8406,processing,local,
Drone1_e208,Drone1,Drone1:208;Drone2:174;Drone3:222,47.2551,position_sent,local,
Drone1_e209,Drone1,Drone1:209;Drone2:174;Drone3:222,47.4802,position_sent,local,
Drone3_e236,Drone3,Drone1:203;Drone2:202;Drone3:236,48.2412,formation_hold,local,
Drone1_e210,Drone1,Drone1:210;Drone2:174;Drone3:222,47.6482,position_sent,local,
Drone2_e214,Drone2,Drone1:163;Drone2:214;Drone3:214,46.0829,processing,local,
Drone3_e237,Drone3,Drone1:203;Drone2:202;Drone3:237,48.4526,formation_hold,local,
Drone2_e215,Drone2,Drone1:163;Drone2:215;Drone3:214,46.3557,processing,local,
Drone2_e216,Drone2,Drone1:163;Drone2:216;Drone3:214,46.6324,processing,local,
Drone2_e217,Drone2,Drone1:163;Drone2:217;Drone3:214,46.8458,processing,send,Drone1
Drone2_e218,Drone2,Drone1:163;Drone2:218;Drone3:214,47.0280,processing,send,Drone3
Drone3_e238,Drone3,Drone1:203;Drone2:202;Drone3:238,48.7114,formation_hold,local,
Drone1_e211,Drone1,Drone1:211;Drone2:174;Drone3:222,47.8140,position_sent,local,
Drone3_e239,Drone3,Drone1:203;Drone2:202;Drone3:239,48.8943,formation_hold,local,
Drone1_e212,Drone1,Drone1:212;Drone2:209;Drone3:222,47.9028,processing,receive,Drone2
Drone1_e213,Drone1,Drone1:213;Drone2:209;Drone3:222,48.1340,processing,local,
Drone1_e214,Drone1,Drone1:214;Drone2:210;Drone3:222,48.3378,processing,receive,Drone2
Drone1_e215,Drone1,Drone1:215;Drone2:217;Drone3:222,48.4130,processing,receive,Drone2
Drone1_e216,Drone1,Drone1:216;Drone2:217;Drone3:222,48.6310,processing,local,
Drone1_e217,Drone1,Drone1:217;Drone2:217;Drone3:222,48.7816,processing,send,Drone2
Drone1_e218,Drone1,Drone1:218;Drone2:217;Drone3:222,49.0202,processing,local,
Drone1_e219,Drone1,Drone1:219;Drone2:217;Drone3:222,49.1287,processing,send,Drone3
Drone3_e240,Drone3,Drone1:203;Drone2:202;Drone3:240,49.0887,formation_hold,local,
Drone3_e241,Drone3,Drone1:203;Drone2:202;Drone3:241,49.1979,formation_hold,local,
Drone1_e220,Drone1,Drone1:220;Drone2:217;Drone3:222,49.3090,processing,local,
Drone2_e219,Drone2,Drone1:217;Drone2:219;Drone3:222,48.9707,processing,receive,Drone1
Drone3_e242,Drone3,Drone1:203;Drone2:202;Drone3:242,49.4758,idle,local,
Drone3_e243,Drone3,Drone1:203;Drone2:202;Drone3:243,49.6648,idle,local,
Drone1_e221,Drone1,Drone1:221;Drone2:217;Drone3:222,49.5944,processing,local,
Drone3_e244,Drone3,Drone1:203;Drone2:203;Drone3:244,49.8889,idle,receive,Drone2
Drone2_e220,Drone2,Drone1:217;Drone2:220;Drone3:222,49.0667,processing,send,Drone3
Drone3_e245,Drone3,Drone1:203;Drone2:203;Drone3:245,50.1512,idle,local,
Drone2_e221,Drone2,Drone1:217;Drone2:221;Drone3:222,49.1528,processing,local,
Drone2_e222,Drone2,Drone1:217;Drone2:222;Drone3:222,49.3434,relative_computed,local,
Drone2_e223,Drone2,Drone1:217;Drone2:223;Drone3:222,49.4269,relative_computed,local,
Drone1_e222,Drone1,Drone1:222;Drone2:217;Drone3:222,49.8061,relative_computed,send,Drone3
Drone2_e224,Drone2,Drone1:217;Drone2:224;Drone3:222,49.5000,relative_computed,local,
Drone3_e246,Drone3,Drone1:203;Drone2:203;Drone3:246,50.2141,idle,local,
Drone2_e225,Drone2,Drone1:217;Drone2:225;Drone3:222,49.7008,relative_computed,local,
Drone1_e223,Drone1,Drone1:223;Drone2:217;Drone3:222,49.9759,relative_computed,send,Drone2
Drone2_e226,Drone2,Drone1:223;Drone2:226;Drone3:222,50.0789,relative_computed,receive,Drone1
Drone1_e224,Drone1,Drone1:224;Drone2:217;Drone3:222,50.0553,relative_computed,local,
Drone2_e227,Drone2,Drone1:223;Drone2:227;Drone3:222,50.3028,relative_computed,local,
Drone3_e247,Drone3,Drone1:219;Drone2:217;Drone3:247,50.4021,idle,receive,Drone1
Drone2_e228,Drone2,Drone1:223;Drone2:228;Drone3:222,50.4862,relative_computed,local,
Drone2_e229,Drone2,Drone1:223;Drone2:229;Drone3:222,50.6261,relative_computed,local,
Drone2_e230,Drone2,Drone1:223;Drone2:230;Drone3:222,50.8768,relative_computed,local,
Drone3_e248,Drone3,Drone1:219;Drone2:217;Drone3:248,50.6620,idle,local,
Drone1_e225,Drone1,Drone1:225;Drone2:217;Drone3:222,50.2087,relative_computed,local,
Drone3_e249,Drone3,Drone1:219;Drone2:217;Drone3:249,50.8973,idle,local,
Drone1_e226,Drone1,Drone1:226;Drone2:217;Drone3:222,50.3325,relative_computed,send,Drone3
Drone1_e227,Drone1,Drone1:227;Drone2:217;Drone3:222,50.4775,relative_computed,local,
Drone1_e228,Drone1,Drone1:228;Drone2:217;Drone3:222,50.6912,relative_computed,local,
Drone3_e250,Drone3,Drone1:219;Drone2:217;Drone3:250,51.1890,idle,receive,Drone2
Drone3_e251,Drone3,Drone1:219;Drone2:217;Drone3:251,51.3542,idle,local,
Drone3_e252,Drone3,Drone1:219;Drone2:217;Drone3:252,51.4465,scanning,local,
Drone3_e253,Drone3,Drone1:219;Drone2:217;Drone3:253,51.5425,scanning,local,
Drone3_e254,Drone3,Drone1:219;Drone2:217;Drone3:254,51.8318,scanning,local,
Drone3_e255,Drone3,Drone1:222;Drone2:217;Drone3:255,52.1181,scanning,receive,Drone1
Drone3_e256,Drone3,Drone1:226;Drone2:217;Drone3:256,52.2712,scanning,receive,Drone1
Drone3_e257,Drone3,Drone1:226;Drone2:217;Drone3:257,52.3235,scanning,receive,Drone2
Drone3_e258,Drone3,Drone1:226;Drone2:217;Drone3:258,52.3886,scanning,local,
Drone3_e259,Drone3,Drone1:226;Drone2:217;Drone3:259,52.5927,scanning,local,
Drone2_e231,Drone2,Drone1:223;Drone2:231;Drone3:222,50.9308,relative_computed,local,
Drone3_e260,Drone3,Drone1:226;Drone2:217;Drone3:260,52.6457,scanning,local,
Drone3_e261,Drone3,Drone1:226;Drone2:217;Drone3:261,52.8296,scanning,local,
Drone2_e232,Drone2,Drone1:223;Drone2:232;Drone3:222,51.1823,formation_hold,send,Drone3
Drone1_e229,Drone1,Drone1:229;Drone2:217;Drone3:222,50.8723,relative_computed,send,Drone2
Drone1_e230,Drone1,Drone1:230;Drone2:217;Drone3:222,51.1261,relative_computed,send,Drone3
Drone2_e233,Drone2,Drone1:223;Drone2:233;Drone3:222,51.2521,formation_hold,local,
Drone2_e234,Drone2,Drone1:223;Drone2:234;Drone3:222,51.3629,formation_hold,local,
Drone3_e262,Drone3,Drone1:230;Drone2:217;Drone3:262,53.0431,target_found,receive,Drone1
Drone3_e263,Drone3,Drone1:230;Drone2:217;Drone3:263,53.1165,target_found,local,
Drone2_e235,Drone2,Drone1:229;Drone2:235;Drone3:222,51.4269,formation_hold,receive,Drone1
Drone1_e231,Drone1,Drone1:231;Drone2:217;Drone3:222,51.1967,relative_computed,local,
Drone2_e236,Drone2,Drone1:229;Drone2:236;Drone3:222,51.5597,formation_hold,local,
Drone1_e232,Drone1,Drone1:232;Drone2:217;Drone3:222,51.4765,formation_hold,local,
Drone1_e233,Drone1,Drone1:233;Drone2:217;Drone3:222,51.5943,formation_hold,send,Drone3
Drone1_e234,Drone1,Drone1:234;Drone2:217;Drone3:222,51.7144,formation_hold,local,
Drone3_e264,Drone3,Drone1:230;Drone2:217;Drone3:264,53.1747,target_found,local,
Drone2_e237,Drone2,Drone1:229;Drone2:237;Drone3:222,51.7565,formation_hold,send,Drone1
Drone3_e265,Drone3,Drone1:230;Drone2:217;Drone3:265,53.4569,target_found,local,
Drone2_e238,Drone2,Drone1:229;Drone2:238;Drone3:222,51.9481,formation_hold,send,Drone1
Drone2_e239,Drone2,Drone1:229;Drone2:239;Drone3:222,52.1333,formation_hold,local,
Drone2_e240,Drone2,Drone1:229;Drone2:240;Drone3:222,52.2183,formation_hold,local,
Drone3_e266,Drone3,Drone1:230;Drone2:217;Drone3:266,53.6321,target_found,local,
Drone2_e241,Drone2,Drone1:229;Drone2:241;Drone3:222,52.3263,formation_hold,send,Drone3
Drone1_e235,Drone1,Drone1:235;Drone2:237;Drone3:222,52.0487,formation_hold,receive,Drone2
Drone2_e242,Drone2,Drone1:229;Drone2:242;Drone3:222,52.5722,idle,send,Drone3
Drone2_e243,Drone2,Drone1:229;Drone2:243;Drone3:222,52.7111,idle,local,
Drone2_e244,Drone2,Drone1:229;Drone2:244;Drone3:222,52.9311,idle,local,
Drone3_e267,Drone3,Drone1:230;Drone2:218;Drone3:267,53.8816,target_found,receive,Drone2
Drone3_e268,Drone3,Drone1:230;Drone2:220;Drone3:268,53.9702,target_found,receive,Drone2
Drone3_e269,Drone3,Drone1:230;Drone2:220;Drone3:269,54.0587,target_found,local,
Drone2_e245,Drone2,Drone1:229;Drone2:245;Drone3:222,53.0077,idle,local,
Drone1_e236,Drone1,Drone1:236;Drone2:237;Drone3:222,52.2099,formation_hold,local,
Drone2_e246,Drone2,Drone1:229;Drone2:246;Drone3:222,53.1045,idle,send,Drone1
Drone2_e247,Drone2,Drone1:229;Drone2:247;Drone3:222,53.2827,idle,local,
Drone1_e237,Drone1,Drone1:237;Drone2:238;Drone3:222,52.3984,formation_hold,receive,Drone2
Drone3_e270,Drone3,Drone1:230;Drone2:220;Drone3:270,54.1898,target_found,local,
Drone2_e248,Drone2,Drone1:229;Drone2:248;Drone3:222,53.4296,idle,send,Drone3
Drone1_e238,Drone1,Drone1:238;Drone2:238;Drone3:222,52.5883,formation_hold,local,
Drone1_e239,Drone1,Drone1:239;Drone2:238;Drone3:222,52.6807,formation_hold,local,
Drone2_e249,Drone2,Drone1:229;Drone2:249;Drone3:222,53.5549,idle,send,Drone3
Drone2_e250,Drone2,Drone1:229;Drone2:250;Drone3:222,53.7136,idle,send,Drone1
Drone2_e251,Drone2,Drone1:229;Drone2:251;Drone3:222,53.8538,idle,send,Drone1
Drone1_e240,Drone1,Drone1:240;Drone2:238;Drone3:222,52.8547,formation_hold,local,
Drone3_e271,Drone3,Drone1:233;Drone2:220;Drone3:271,54.2737,target_found,receive,Drone1
Drone1_e241,Drone1,Drone1:241;Drone2:238;Drone3:222,52.9877,formation_hold,local,
Drone3_e272,Drone3,Drone1:233;Drone2:232;Drone3:272,54.4338,position_measured,receive,Drone2
Drone2_e252,Drone2,Drone1:229;Drone2:252;Drone3:222,54.1187,scanning,local,
Drone3_e273,Drone3,Drone1:233;Drone2:241;Drone3:273,54.6346,position_measured,receive,Drone2
Drone3_e274,Drone3,Drone1:233;Drone2:242;Drone3:274,54.7290,position_measured,receive,Drone2
Drone2_e253,Drone2,Drone1:229;Drone2:253;Drone3:222,54.2416,scanning,local,
Drone3_e275,Drone3,Drone1:233;Drone2:242;Drone3:275,55.0209,position_measured,local,
Drone1_e242,Drone1,Drone1:242;Drone2:246;Drone3:222,53.3587,idle,receive,Drone2
Drone2_e254,Drone2,Drone1:229;Drone2:254;Drone3:222,54.5246,scanning,local,
Drone1_e243,Drone1,Drone1:243;Drone2:246;Drone3:222,53.5451,idle,local,
Drone3_e276,Drone3,Drone1:233;Drone2:242;Drone3:276,55.0776,position_measured,local,
Drone3_e277,Drone3,Drone1:233;Drone2:242;Drone3:277,55.3047,position_measured,local,
Drone2_e255,Drone2,Drone1:229;Drone2:255;Drone3:222,54.7824,scanning,local,
Drone1_e244,Drone1,Drone1:244;Drone2:246;Drone3:222,53.7940,idle,local,
Drone2_e256,Drone2,Drone1:229;Drone2:256;Drone3:222,54.8672,scanning,local,
Drone2_e257,Drone2,Drone1:229;Drone2:257;Drone3:222,55.0960,scanning,send,Drone1
Drone2_e258,Drone2,Drone1:229;Drone2:258;Drone3:222,55.2916,scanning,send,Drone3
Drone3_e278,Drone3,Drone1:233;Drone2:242;Drone3:278,55.5848,position_measured,local,
Drone3_e279,Drone3,Drone1:233;Drone2:242;Drone3:279,55.6440,position_measured,local,
Drone2_e259,Drone2,Drone1:229;Drone2:259;Drone3:222,55.5447,scanning,local,
Drone3_e280,Drone3,Drone1:233;Drone2:242;Drone3:280,55.7153,position_measured,local,
Drone1_e245,Drone1,Drone1:245;Drone2:246;Drone3:222,53.9327,idle,local,
Drone3_e281,Drone3,Drone1:233;Drone2:242;Drone3:281,55.9061,position_measured,local,
Drone3_e282,Drone3,Drone1:233;Drone2:242;Drone3:282,56.0560,position_sent,local,
Drone2_e260,Drone2,Drone1:229;Drone2:260;Drone3:222,55.7023,scanning,local,
Drone1_e246,Drone1,Drone1:246;Drone2:250;Drone3:222,54.1104,idle,receive,Drone2
Drone3_e283,Drone3,Drone1:233;Drone2:242;Drone3:283,56.2779,position_sent,local,
Drone1_e247,Drone1,Drone1:247;Drone2:250;Drone3:222,54.2582,idle,local,
Drone3_e284,Drone3,Drone1:233;Drone2:242;Drone3:284,56.4530,position_sent,local,
Drone2_e261,Drone2,Drone1:229;Drone2:261;Drone3:222,55.8730,scanning,local,
Drone2_e262,Drone2,Drone1:229;Drone2:262;Drone3:222,56.1634,target_found,local,
Drone1_e248,Drone1,Drone1:248;Drone2:250;Drone3:222,54.4907,idle,local,
Drone2_e263,Drone2,Drone1:229;Drone2:263;Drone3:222,56.3272,target_found,local,
Drone1_e249,Drone1,Drone1:249;Drone2:250;Drone3:222,54.6278,idle,local,
Drone1_e250,Drone1,Drone1:250;Drone2:250;Drone3:222,54.8520,idle,local,
Drone2_e264,Drone2,Drone1:229;Drone2:264;Drone3:222,56.5798,target_found,send,Drone1
Drone1_e251,Drone1,Drone1:251;Drone2:251;Drone3:222,55.0640,idle,receive,Drone2
Drone3_e285,Drone3,Drone1:233;Drone2:242;Drone3:285,56.7355,position_sent,local,
Drone3_e286,Drone3,Drone1:233;Drone2:248;Drone3:286,56.9235,position_sent,receive,Drone2
Drone2_e265,Drone2,Drone1:229;Drone2:265;Drone3:222,56.8694,target_found,local,
Drone1_e252,Drone1,Drone1:252;Drone2:251;Drone3:222,55.2714,scanning,local,
Drone1_e253,Drone1,Drone1:253;Drone2:251;Drone3:222,55.4295,scanning,local,
Drone1_e254,Drone1,Drone1:254;Drone2:251;Drone3:222,55.7002,scanning,local,
Drone2_e266,Drone2,Drone1:229;Drone2:266;Drone3:222,57.0166,target_found,local,
Drone3_e287,Drone3,Drone1:233;Drone2:249;Drone3:287,57.1616,position_sent,receive,Drone2
Drone1_e255,Drone1,Drone1:255;Drone2:251;Drone3:222,55.9501,scanning,local,
Drone3_e288,Drone3,Drone1:233;Drone2:258;Drone3:288,57.2608,position_sent,receive,Drone2
Drone1_e256,Drone1,Drone1:256;Drone2:257;Drone3:222,56.1320,scanning,receive,Drone2
Drone3_e289,Drone3,Drone1:233;Drone2:258;Drone3:289,57.4080,position_sent,local,
Drone2_e267,Drone2,Drone1:229;Drone2:267;Drone3:222,57.1536,target_found,local,
Drone2_e268,Drone2,Drone1:229;Drone2:268;Drone3:222,57.4070,target_found,local,
Drone3_e290,Drone3,Drone1:233;Drone2:258;Drone3:290,57.6877,position_sent,local,
Drone3_e291,Drone3,Drone1:233;Drone2:258;Drone3:291,57.8160,position_sent,send,Drone1
Drone1_e257,Drone1,Drone1:257;Drone2:264;Drone3:222,56.7231,scanning,receive,Drone2
Drone1_e258,Drone1,Drone1:258;Drone2:264;Drone3:222,56.8777,scanning,local,
Drone1_e259,Drone1,Drone1:259;Drone2:264;Drone3:222,57.0334,scanning,local,
Drone2_e269,Drone2,Drone1:229;Drone2:269;Drone3:222,57.6304,target_found,local,
Drone3_e292,Drone3,Drone1:233;Drone2:258;Drone3:292,57.9093,processing,local,
Drone1_e260,Drone1,Drone1:260;Drone2:264;Drone3:222,57.1185,scanning,local,
Drone2_e270,Drone2,Drone1:229;Drone2:270;Drone3:222,57.8352,target_found,local,
Drone2_e271,Drone2,Drone1:229;Drone2:271;Drone3:222,58.0064,target_found,local,
Drone1_e261,Drone1,Drone1:261;Drone2:264;Drone3:222,57.4095,scanning,local,
Drone3_e293,Drone3,Drone1:233;Drone2:258;Drone3:293,58.0615,processing,local,
Drone2_e272,Drone2,Drone1:229;Drone2:272;Drone3:222,58.2663,position_measured,local,
Drone2_e273,Drone2,Drone1:229;Drone2:273;Drone3:222,58.5153,position_measured,send,Drone1
Drone1_e262,Drone1,Drone1:262;Drone2:264;Drone3:291,57.9222,target_found,receive,Drone3
Drone2_e274,Drone2,Drone1:229;Drone2:274;Drone3:222,58.7067,position_measured,send,Drone3
Drone2_e275,Drone2,Drone1:229;Drone2:275;Drone3:222,58.7850,position_measured,local,
Drone1_e263,Drone1,Drone1:263;Drone2:273;Drone3:291,58.7008,target_found,receive,Drone2
Drone1_e264,Drone1,Drone1:264;Drone2:273;Drone3:291,58.8612,target_found,local,
Drone1_e265,Drone1,Drone1:265;Drone2:273;Drone3:291,58.9368,target_found,local,
Drone3_e294,Drone3,Drone1:233;Drone2:258;Drone3:294,58.1860,processing,local,
Drone1_e266,Drone1,Drone1:266;Drone2:273;Drone3:291,59.0739,target_found,local,
Drone1_e267,Drone1,Drone1:267;Drone2:273;Drone3:291,59.3724,target_found,local,
Drone1_e268,Drone1,Drone1:268;Drone2:273;Drone3:291,59.6377,target_found,send,Drone3
Drone3_e295,Drone3,Drone1:233;Drone2:258;Drone3:295,58.2775,processing,local,
Drone1_e269,Drone1,Drone1:269;Drone2:273;Drone3:291,59.8911,target_found,local,
Drone1_e270,Drone1,Drone1:270;Drone2:273;Drone3:291,60.0741,target_found,local,
Drone3_e296,Drone3,Drone1:233;Drone2:258;Drone3:296,58.4084,processing,local,
Drone3_e297,Drone3,Drone1:233;Drone2:274;Drone3:297,58.9948,processing,receive,Drone2
Drone3_e298,Drone3,Drone1:233;Drone2:274;Drone3:298,59.2147,processing,local,
Drone1_e271,Drone1,Drone1:271;Drone2:273;Drone3:291,60.3538,target_found,send,Drone3
Drone2_e276,Drone2,Drone1:229;Drone2:276;Drone3:222,58.8668,position_measured,local,
Drone1_e272,Drone1,Drone1:272;Drone2:273;Drone3:291,60.6109,position_measured,send,Drone3
Drone3_e299,Drone3,Drone1:268;Drone2:274;Drone3:299,59.8320,processing,receive,Drone1
Drone2_e277,Drone2,Drone1:229;Drone2:277;Drone3:222,59.0106,position_measured,local,
Drone1_e273,Drone1,Drone1:273;Drone2:273;Drone3:291,60.8810,position_measured,local,
Drone1_e274,Drone1,Drone1:274;Drone2:273;Drone3:291,61.1184,position_measured,local,
Drone3_e300,Drone3,Drone1:268;Drone2:274;Drone3:300,59.9743,processing,local,
Drone2_e278,Drone2,Drone1:229;Drone2:278;Drone3:222,59.0612,position_measured,local,
Drone3_e301,Drone3,Drone1:271;Drone2:274;Drone3:301,60.5625,processing,receive,Drone1
Drone3_e302,Drone3,Drone1:272;Drone2:274;Drone3:302,60.8599,relative_computed,receive,Drone1
Drone2_e279,Drone2,Drone1:229;Drone2:279;Drone3:222,59.3174,position_measured,send,Drone3
Drone2_e280,Drone2,Drone1:229;Drone2:280;Drone3:222,59.4518,position_measured,send,Drone3
Drone3_e303,Drone3,Drone1:272;Drone2:279;Drone3:303,61.1069,relative_computed,receive,Drone2
Drone3_e304,Drone3,Drone1:272;Drone2:279;Drone3:304,61.1684,relative_computed,local,
Drone3_e305,Drone3,Drone1:272;Drone2:279;Drone3:305,61.3333,relative_computed,local,
Drone1_e275,Drone1,Drone1:275;Drone2:273;Drone3:291,61.2079,position_measured,local,
Drone2_e281,Drone2,Drone1:229;Drone2:281;Drone3:222,59.5524,position_measured,send,Drone3
Drone3_e306,Drone3,Drone1:272;Drone2:279;Drone3:306,61.6039,relative_computed,local,
Drone2_e282,Drone2,Drone1:229;Drone2:282;Drone3:222,59.6257,position_sent,send,Drone3
Drone2_e283,Drone2,Drone1:229;Drone2:283;Drone3:222,59.8419,position_sent,send,Drone3
Drone3_e307,Drone3,Drone1:272;Drone2:280;Drone3:307,61.8103,relative_computed,receive,Drone2
Drone3_e308,Drone3,Drone1:272;Drone2:280;Drone3:308,61.9188,relative_computed,local,
Drone3_e309,Drone3,Drone1:272;Drone2:281;Drone3:309,61.9691,relative_computed,receive,Drone2
Drone2_e284,Drone2,Drone1:229;Drone2:284;Drone3:222,60.0217,position_sent,send,Drone1
Drone2_e285,Drone2,Drone1:229;Drone2:285;Drone3:222,60.2760,position_sent,send,Drone3
Drone2_e286,Drone2,Drone1:229;Drone2:286;Drone3:222,60.4454,position_sent,local,
Drone1_e276,Drone1,Drone1:276;Drone2:284;Drone3:291,61.2837,position_measured,receive,Drone2
Drone2_e287,Drone2,Drone1:229;Drone2:287;Drone3:222,60.5297,position_sent,local,
Drone1_e277,Drone1,Drone1:277;Drone2:284;Drone3:291,61.5030,position_measured,local,
Drone1_e278,Drone1,Drone1:278;Drone2:284;Drone3:291,61.5551,position_measured,local,
Drone3_e310,Drone3,Drone1:272;Drone2:282;Drone3:310,62.1997,relative_computed,receive,Drone2
Drone3_e311,Drone3,Drone1:272;Drone2:282;Drone3:311,62.4796,relative_computed,local,
Drone3_e312,Drone3,Drone1:272;Drone2:282;Drone3:312,62.7446,formation_hold,local,
Drone1_e279,Drone1,Drone1:279;Drone2:284;Drone3:291,61.6401,position_measured,local,
Drone1_e280,Drone1,Drone1:280;Drone2:284;Drone3:291,61.7861,position_measured,local,
Drone2_e288,Drone2,Drone1:229;Drone2:288;Drone3:222,60.6147,position_sent,local,
Drone2_e289,Drone2,Drone1:229;Drone2:289;Drone3:222,60.7267,position_sent,local,
Drone3_e313,Drone3,Drone1:272;Drone2:282;Drone3:313,62.9465,formation_hold,local,
Drone3_e314,Drone3,Drone1:272;Drone2:283;Drone3:314,63.0479,formation_hold,receive,Drone2
Drone3_e315,Drone3,Drone1:272;Drone2:283;Drone3:315,63.2849,formation_hold,local,
Drone2_e290,Drone2,Drone1:229;Drone2:290;Drone3:222,60.9727,position_sent,local,
Drone1_e281,Drone1,Drone1:281;Drone2:284;Drone3:291,61.8643,position_measured,local,
Drone2_e291,Drone2,Drone1:229;Drone2:291;Drone3:222,61.0404,position_sent,local,
Drone1_e282,Drone1,Drone1:282;Drone2:284;Drone3:291,62.1478,position_sent,local,
Drone1_e283,Drone1,Drone1:283;Drone2:284;Drone3:291,62.4075,position_sent,local,
Drone2_e292,Drone2,Drone1:229;Drone2:292;Drone3:222,61.2611,processing,local,
Drone2_e293,Drone2,Drone1:229;Drone2:293;Drone3:222,61.5037,processing,local,
Drone1_e284,Drone1,Drone1:284;Drone2:284;Drone3:291,62.4610,position_sent,local,
Drone1_e285,Drone1,Drone1:285;Drone2:284;Drone3:291,62.7482,position_sent,send,Drone2
Drone2_e294,Drone2,Drone1:229;Drone2:294;Drone3:222,61.7109,processing,local,
Drone3_e316,Drone3,Drone1:272;Drone2:283;Drone3:316,63.4407,formation_hold,local,
Drone2_e295,Drone2,Drone1:285;Drone2:295;Drone3:291,62.8675,processing,receive,Drone1
Drone2_e296,Drone2,Drone1:285;Drone2:296;Drone3:291,63.1611,processing,send,Drone1
Drone1_e286,Drone1,Drone1:286;Drone2:284;Drone3:291,62.8958,position_sent,local,
Drone3_e317,Drone3,Drone1:272;Drone2:283;Drone3:317,63.6532,formation_hold,local,
Drone3_e318,Drone3,Drone1:272;Drone2:285;Drone3:318,63.8857,formation_hold,receive,Drone2
Drone1_e287,Drone1,Drone1:287;Drone2:296;Drone3:291,63.4423,position_sent,receive,Drone2
Drone1_e288,Drone1,Drone1:288;Drone2:296;Drone3:291,63.6445,position_sent,local,
Drone2_e297,Drone2,Drone1:285;Drone2:297;Drone3:291,63.3756,processing,local,
Drone1_e289,Drone1,Drone1:289;Drone2:296;Drone3:291,63.8698,position_sent,send,Drone2
Drone1_e290,Drone1,Drone1:290;Drone2:296;Drone3:291,64.0065,position_sent,local,
Drone3_e319,Drone3,Drone1:272;Drone2:285;Drone3:319,64.1159,formation_hold,local,
Drone1_e291,Drone1,Drone1:291;Drone2:296;Drone3:291,64.2440,position_sent,local,
Drone2_e298,Drone2,Drone1:285;Drone2:298;Drone3:291,63.4551,processing,local,
Drone1_e292,Drone1,Drone1:292;Drone2:296;Drone3:291,64.4013,processing,local,
Drone3_e320,Drone3,Drone1:272;Drone2:285;Drone3:320,64.2899,formation_hold,send,Drone1
Drone3_e321,Drone3,Drone1:272;Drone2:285;Drone3:321,64.4648,formation_hold,local,
Drone3_e322,Drone3,Drone1:272;Drone2:285;Drone3:322,64.5786,idle,send,Drone1
Drone1_e293,Drone1,Drone1:293;Drone2:296;Drone3:291,64.6198,processing,local,
Drone1_e294,Drone1,Drone1:294;Drone2:296;Drone3:320,64.6808,processing,receive,Drone3
Drone1_e295,Drone1,Drone1:295;Drone2:296;Drone3:322,64.8218,processing,receive,Drone3
Drone1_e296,Drone1,Drone1:296;Drone2:296;Drone3:322,65.0100,processing,send,Drone2
Drone3_e323,Drone3,Drone1:272;Drone2:285;Drone3:323,64.7334,idle,local,
Drone2_e299,Drone2,Drone1:289;Drone2:299;Drone3:291,63.9877,processing,receive,Drone1
Drone1_e297,Drone1,Drone1:297;Drone2:296;Drone3:322,65.0899,processing,local,
Drone3_e324,Drone3,Drone1:272;Drone2:285;Drone3:324,64.8283,idle,local,
Drone3_e325,Drone3,Drone1:272;Drone2:285;Drone3:325,65.1168,idle,local,
Drone1_e298,Drone1,Drone1:298;Drone2:296;Drone3:322,65.3564,processing,local,
Drone2_e300,Drone2,Drone1:296;Drone2:300;Drone3:322,65.0620,processing,receive,Drone1
Drone1_e299,Drone1,Drone1:299;Drone2:296;Drone3:322,65.5913,processing,send,Drone3
Drone1_e300,Drone1,Drone1:300;Drone2:296;Drone3:322,65.7892,processing,local,
Drone2_e301,Drone2,Drone1:296;Drone2:301;Drone3:322,65.3060,processing,local,
Drone3_e326,Drone3,Drone1:272;Drone2:285;Drone3:326,65.3569,idle,local,
Drone1_e301,Drone1,Drone1:301;Drone2:296;Drone3:322,65.8452,processing,send,Drone3
Drone3_e327,Drone3,Drone1:299;Drone2:296;Drone3:327,65.8790,idle,receive,Drone1
Drone1_e302,Drone1,Drone1:302;Drone2:296;Drone3:322,65.9893,relative_computed,local,
Drone3_e328,Drone3,Drone1:299;Drone2:296;Drone3:328,65.9550,idle,local,
Drone3_e329,Drone3,Drone1:299;Drone2:296;Drone3:329,66.1100,idle,local,
Drone1_e303,Drone1,Drone1:303;Drone2:296;Drone3:322,66.0749,relative_computed,local,
Drone2_e302,Drone2,Drone1:296;Drone2:302;Drone3:322,65.5803,relative_computed,send,Drone1
Drone3_e330,Drone3,Drone1:299;Drone2:296;Drone3:330,66.3839,idle,local,
Drone2_e303,Drone2,Drone1:296;Drone2:303;Drone3:322,65.6516,relative_computed,local,
Drone1_e304,Drone1,Drone1:304;Drone2:296;Drone3:322,66.2842,relative_computed,local,
Drone2_e304,Drone2,Drone1:296;Drone2:304;Drone3:322,65.8103,relative_computed,send,Drone1
Drone1_e305,Drone1,Drone1:305;Drone2:302;Drone3:322,66.5469,relative_computed,receive,Drone2
Drone2_e305,Drone2,Drone1:296;Drone2:305;Drone3:322,66.0441,relative_computed,local,
Drone2_e306,Drone2,Drone1:296;Drone2:306;Drone3:322,66.1525,relative_computed,local,
Drone1_e306,Drone1,Drone1:306;Drone2:304;Drone3:322,66.6357,relative_computed,receive,Drone2
Drone1_e307,Drone1,Drone1:307;Drone2:304;Drone3:322,66.7643,relative_computed,local,
Drone1_e308,Drone1,Drone1:308;Drone2:304;Drone3:322,67.0554,relative_computed,local,
Drone1_e309,Drone1,Drone1:309;Drone2:304;Drone3:322,67.2212,relative_computed,local,
Drone1_e310,Drone1,Drone1:310;Drone2:304;Drone3:322,67.4778,relative_computed,send,Drone3
Drone3_e331,Drone3,Drone1:299;Drone2:296;Drone3:331,66.4876,idle,local,
Drone2_e307,Drone2,Drone1:296;Drone2:307;Drone3:322,66.4446,relative_computed,send,Drone1
Drone2_e308,Drone2,Drone1:296;Drone2:308;Drone3:322,66.6639,relative_computed,local,
Drone2_e309,Drone2,Drone1:296;Drone2:309;Drone3:322,66.7574,relative_computed,local,
Drone2_e310,Drone2,Drone1:296;Drone2:310;Drone3:322,66.9464,relative_computed,local,
Drone3_e332,Drone3,Drone1:301;Drone2:296;Drone3:332,66.5631,scanning,receive,Drone1
Drone1_e311,Drone1,Drone1:311;Drone2:307;Drone3:322,67.7354,relative_computed,receive,Drone2
Drone1_e312,Drone1,Drone1:312;Drone2:307;Drone3:322,67.8785,formation_hold,send,Drone3
Drone3_e333,Drone3,Drone1:301;Drone2:296;Drone3:333,66.6341,scanning,local,
Drone3_e334,Drone3,Drone1:310;Drone2:304;Drone3:334,67.5333,scanning,receive,Drone1
Drone1_e313,Drone1,Drone1:313;Drone2:307;Drone3:322,68.1308,formation_hold,send,Drone3
Drone1_e314,Drone1,Drone1:314;Drone2:307;Drone3:322,68.3882,formation_hold,local,
Drone2_e311,Drone2,Drone1:296;Drone2:311;Drone3:322,67.0091,relative_computed,send,Drone3
Drone3_e335,Drone3,Drone1:310;Drone2:304;Drone3:335,67.7644,scanning,local,
Drone2_e312,Drone2,Drone1:296;Drone2:312;Drone3:322,67.1023,formation_hold,send,Drone3
Drone1_e315,Drone1,Drone1:315;Drone2:307;Drone3:322,68.5069,formation_hold,local,
Drone2_e313,Drone2,Drone1:296;Drone2:313;Drone3:322,67.1609,formation_hold,local,
Drone3_e336,Drone3,Drone1:310;Drone2:304;Drone3:336,67.9762,scanning,local,
Drone2_e314,Drone2,Drone1:296;Drone2:314;Drone3:322,67.3486,formation_hold,local,
Drone1_e316,Drone1,Drone1:316;Drone2:307;Drone3:322,68.5912,formation_hold,send,Drone3
Drone1_e317,Drone1,Drone1:317;Drone2:307;Drone3:322,68.8405,formation_hold,local,
Drone1_e318,Drone1,Drone1:318;Drone2:307;Drone3:322,69.0911,formation_hold,local,
Drone1_e319,Drone1,Drone1:319;Drone2:307;Drone3:322,69.3365,formation_hold,local,
Drone2_e315,Drone2,Drone1:296;Drone2:315;Drone3:322,67.5939,formation_hold,local,
Drone2_e316,Drone2,Drone1:296;Drone2:316;Drone3:322,67.7695,formation_hold,local,
Drone2_e317,Drone2,Drone1:296;Drone2:317;Drone3:322,67.8993,formation_hold,send,Drone1
Drone1_e320,Drone1,Drone1:320;Drone2:317;Drone3:322,69.4012,formation_hold,receive,Drone2
Drone2_e318,Drone2,Drone1:296;Drone2:318;Drone3:322,68.1410,formation_hold,local,
Drone1_e321,Drone1,Drone1:321;Drone2:317;Drone3:322,69.4762,formation_hold,local,
Drone3_e337,Drone3,Drone1:312;Drone2:307;Drone3:337,68.2172,scanning,receive,Drone1
Drone1_e322,Drone1,Drone1:322;Drone2:317;Drone3:322,69.7719,idle,local,
Drone2_e319,Drone2,Drone1:296;Drone2:319;Drone3:322,68.4008,formation_hold,local,
Drone1_e323,Drone1,Drone1:323;Drone2:317;Drone3:322,70.0234,idle,send,Drone3
Drone3_e338,Drone3,Drone1:313;Drone2:307;Drone3:338,68.4431,scanning,receive,Drone1
Drone2_e320,Drone2,Drone1:296;Drone2:320;Drone3:322,68.5917,formation_hold,local,
Drone3_e339,Drone3,Drone1:313;Drone2:307;Drone3:339,68.7023,scanning,local,
Drone2_e321,Drone2,Drone1:296;Drone2:321;Drone3:322,68.6856,formation_hold,local,
Drone1_e324,Drone1,Drone1:324;Drone2:317;Drone3:322,70.2239,idle,send,Drone2
Drone1_e325,Drone1,Drone1:325;Drone2:317;Drone3:322,70.2740,idle,local,
Drone3_e340,Drone3,Drone1:316;Drone2:307;Drone3:340,68.8375,scanning,receive,Drone1
Drone1_e326,Drone1,Drone1:326;Drone2:317;Drone3:322,70.5351,idle,local,
Drone2_e322,Drone2,Drone1:324;Drone2:322;Drone3:322,70.4205,idle,receive,Drone1
Drone1_e327,Drone1,Drone1:327;Drone2:317;Drone3:322,70.7967,idle,local,
Drone2_e323,Drone2,Drone1:324;Drone2:323;Drone3:322,70.5639,idle,local,
Drone3_e341,Drone3,Drone1:323;Drone2:317;Drone3:341,70.1576,scanning,receive,Drone1
Drone2_e324,Drone2,Drone1:324;Drone2:324;Drone3:322,70.7970,idle,send,Drone1
Drone2_e325,Drone2,Drone1:324;Drone2:325;Drone3:322,71.0872,idle,local,
Drone3_e342,Drone3,Drone1:323;Drone2:317;Drone3:342,70.2634,target_found,receive,Drone2
Drone3_e343,Drone3,Drone1:323;Drone2:317;Drone3:343,70.4080,target_found,local,
Drone3_e344,Drone3,Drone1:323;Drone2:317;Drone3:344,70.4898,target_found,local,
Drone3_e345,Drone3,Drone1:323;Drone2:317;Drone3:345,70.7525,target_found,receive,Drone2
Drone3_e346,Drone3,Drone1:323;Drone2:317;Drone3:346,71.0328,target_found,send,Drone2
Drone1_e328,Drone1,Drone1:328;Drone2:324;Drone3:322,71.0889,idle,receive,Drone2
Drone2_e326,Drone2,Drone1:324;Drone2:326;Drone3:346,71.1924,idle,receive,Drone3
Drone2_fragile,Drone2,Drone1:324;Drone2:327;Drone3:346,72.1924,late_beacon,local,
Drone1_fragile,Drone1,Drone1:329;Drone2:324;Drone3:322,74.1924,early_beacon,local,
